userId,amPm,inputDt,sleep,sleepProblem,dream,amCondition,amEmotion,pmEmotion,pmStress,ifUnusual,breakfast,lunch,dinner,lateSnack,amCaffeine,amCaffAmount,pmCaffeine,pmCaffAmount,alcohol,aAmount,startdt1,startdt,enddt1,enddt,inputdt1
17,am,31OCT18:08:55:00,4,0,4,4,4,,,,,,,,,,,,,,,,,,20181031
17,am,01NOV18:08:52:00,3,3,1,2,2,,,,,,,,,,,,,,,,,,20181101
17,am,02NOV18:09:12:00,4,0,4,3,4,,,,,,,,,,,,,,,,,,20181102
17,am,03NOV18:17:35:00,4,0,4,4,4,,,,,,,,,,,,,,,,,,20181103
17,am,05NOV18:07:37:00,4,0,4,3,3,,,,,,,,,,,,,,,,,,20181105
17,am,06NOV18:09:20:00,4,5,4,3,3,,,,,,,,,,,,,,,,,,20181106
17,am,07NOV18:09:50:00,3,5,4,3,3,,,,,,,,,,,,,,,,,,20181107
17,am,09NOV18:09:34:00,2,8,4,2,2,,,,,,,,,,,,,,,,,,20181109
17,am,12NOV18:09:27:00,2,1,4,2,2,,,,,,,,,,,,,,,,,,20181112
17,am,13NOV18:09:09:00,5,5,2,5,5,,,,,,,,,,,,,,,,,,20181113
17,pm,31OCT18:20:02:00,,,,,,3,3,2,4,2,3,4,,,,,,,,,,,20181031
17,pm,01NOV18:20:03:00,,,,,,3,4,2,4,3,3,4,,,,,,,,,,,20181101
17,pm,03NOV18:22:06:00,,,,,,4,3,2,4,3,3,4,,,,,,,,,,,20181103
17,pm,05NOV18:19:41:00,,,,,,4,4,2,4,3,3,4,,,,,,,,,,,20181105
17,pm,06NOV18:21:30:00,,,,,,3,3,2,4,3,3,4,,,,,w,1,,,,,20181106
17,pm,07NOV18:20:39:00,,,,,,4,3,2,4,3,3,4,,,,,,,,,,,20181107
17,pm,13NOV18:20:53:00,,,,,,4,4,2,4,3,4,,,,,,,,,,,,20181113
24,am,15NOV18:09:50:00,2,0,4,2,3,,,,,,,,,,,,,,,,,,20181115
24,am,16NOV18:08:52:00,2,9,4,2,3,,,,,,,,,,,,,,,,,,20181116
24,am,17NOV18:20:06:00,4,0,2,4,4,,,,,,,,,,,,,,,,,,20181117
24,am,18NOV18:15:23:00,5,0,2,5,5,,,,,,,,,,,,,,,,,,20181118
24,am,19NOV18:12:21:00,1,1,2,2,2,,,,,,,,,,,,,,,,,,20181119
24,am,20NOV18:08:46:00,3,0,4,3,3,,,,,,,,,,,,,,,,,,20181120
24,am,21NOV18:09:56:00,3,5,4,4,3,,,,,,,,,,,,,,,,,,20181121
24,am,22NOV18:08:51:00,3,5,4,3,4,,,,,,,,,,,,,,,,,,20181122
24,am,23NOV18:09:16:00,4,5,3,4,4,,,,,,,,,,,,,,,,,,20181123
24,am,24NOV18:12:44:00,4,0,4,4,4,,,,,,,,,,,,,,,,,,20181124
24,am,25NOV18:13:48:00,4,1,4,4,3,,,,,,,,,,,,,,,,,,20181125
24,am,26NOV18:08:49:00,4,0,4,3,3,,,,,,,,,,,,,,,,,,20181126
24,am,27NOV18:11:23:00,3,0,4,2,1,,,,,,,,,,,,,,,,,,20181127
24,am,28NOV18:08:48:00,3,1,4,3,3,,,,,,,,,,,,,,,,,,20181128
24,pm,17NOV18:23:23:00,,,,,,4,5,2,4,4,2,4,,,,,,,,,,,20181117
24,pm,18NOV18:23:49:00,,,,,,4,3,2,4,2,3,4,,,,,,,,,,,20181118
24,pm,19NOV18:23:11:00,,,,,,4,4,2,4,1,2,2,tea,3,,,,,,,,,20181119
24,pm,20NOV18:23:15:00,,,,,,3,3,,4,3,2,4,tea,3,t,2,,,,,,,20181120
24,pm,21NOV18:23:13:00,,,,,,3,1,2,4,3,2,4,,,c,1,,,,,,,20181121
24,pm,22NOV18:23:20:00,,,,,,4,4,,4,3,3,4,tea,2,t,2,,,,,,,20181122
24,pm,23NOV18:22:48:00,,,,,,5,4,2,4,2,1,4,tea,3,t,3,,,,,,,20181123
24,pm,24NOV18:23:55:00,,,,,,3,3,,4,4,4,3,,,,,,,,,,,20181124
24,pm,25NOV18:23:57:00,,,,,,4,4,2,4,2,3,4,,,,,,,,,,,20181125
24,pm,26NOV18:22:46:00,,,,,,4,4,2,4,3,2,4,tea,3,c,1,,,,,,,20181126
24,pm,27NOV18:23:41:00,,,,,,4,5,2,4,1,2,3,coffee,1,,,s,2,,,,,20181127
24,pm,28NOV18:22:04:00,,,,,,4,4,,4,3,1,4,tea,2,t,1,,,,,,,20181128
4,am,30OCT18:16:54:00,1,3,2,4,1,,,,,,,,,,,,,,,,,,20181030
4,am,31OCT18:10:15:00,1,7,1,1,1,,,,,,,,,,,,,,,,,,20181031
4,am,01NOV18:08:02:00,1,7,1,1,1,,,,,,,,,,,,,,,,,,20181101
4,am,02NOV18:07:33:00,1,7,1,1,1,,,,,,,,,,,,,,,,,,20181102
4,am,03NOV18:11:16:00,2,2,1,1,1,,,,,,,,,,,,,,,,,,20181103
4,am,05NOV18:07:29:00,2,2,1,1,1,,,,,,,,,,,,,,,,,,20181105
4,am,06NOV18:07:36:00,2,4,1,1,2,,,,,,,,,,,,,,,,,,20181106
4,am,07NOV18:08:45:00,2,4,1,1,1,,,,,,,,,,,,,,,,,,20181107
4,am,08NOV18:08:01:00,2,4,4,2,2,,,,,,,,,,,,,,,,,,20181108
4,am,09NOV18:07:48:00,2,4,4,1,2,,,,,,,,,,,,,,,,,,20181109
4,am,10NOV18:11:45:00,3,4,4,2,2,,,,,,,,,,,,,,,,,,20181110
4,am,11NOV18:11:03:00,2,4,4,2,3,,,,,,,,,,,,,,,,,,20181111
4,am,12NOV18:09:56:00,2,4,4,2,3,,,,,,,,,,,,,,,,,,20181112
4,am,13NOV18:10:34:00,2,4,4,1,2,,,,,,,,,,,,,,,,,,20181113
4,pm,30OCT18:16:55:00,,,,,,1,2,2,3,3,3,3,,,,,,,,,,,20181030
4,pm,31OCT18:22:12:00,,,,,,1,1,2,4,4,1,4,coffee,1,,,,,,,,,20181031
4,pm,01NOV18:19:33:00,,,,,,1,1,2,4,4,3,4,coffee,2,,,,,,,,,20181101
4,pm,02NOV18:20:28:00,,,,,,3,1,2,4,2,3,4,coffee,1,c,1,,,,,,,20181102
4,pm,03NOV18:23:05:00,,,,,,3,1,1,2,3,2,3,coffee,2,c,1,s,1,,,,,20181103
4,pm,04NOV18:20:48:00,,,,,,1,1,1,4,4,3,3,coffee,2,c,1,,,,,,,20181104
4,pm,05NOV18:19:31:00,,,,,,1,1,2,4,2,2,4,coffee,1,c,1,,,,,,,20181105
4,pm,06NOV18:18:35:00,,,,,,2,1,2,3,1,1,4,coffee,1,c,1,,,,,,,20181106
4,pm,07NOV18:19:28:00,,,,,,3,1,2,3,2,3,4,,,,,,,,,,,20181107
4,pm,08NOV18:19:26:00,,,,,,3,2,2,4,2,1,4,,,c,1,,,,,,,20181108
4,pm,09NOV18:20:31:00,,,,,,3,2,2,2,1,3,3,coffee,1,c,1,s,1,,,,,20181109
4,pm,10NOV18:21:18:00,,,,,,3,2,1,2,2,1,1,coffee,1,,,,,,,,,20181110
4,pm,11NOV18:20:57:00,,,,,,2,1,1,3,4,3,1,coffee,1,,,,,,,,,20181111
4,pm,12NOV18:20:45:00,,,,,,2,1,2,3,4,1,4,coffee,1,c,1,,,,,,,20181112
4,pm,13NOV18:19:28:00,,,,,,2,2,2,3,2,2,4,,,c,1,,,,,,,20181113
25,am,15NOV18:10:51:00,3,2,4,3,2,,,,,,,,,,,,,,,,,,20181115
25,am,16NOV18:08:08:00,3,0,4,2,2,,,,,,,,,,,,,,,,,,20181116
25,am,17NOV18:10:26:00,3,0,4,1,1,,,,,,,,,,,,,,,,,,20181117
25,am,18NOV18:10:07:00,3,0,4,2,2,,,,,,,,,,,,,,,,,,20181118
25,am,19NOV18:09:14:00,3,0,4,2,2,,,,,,,,,,,,,,,,,,20181119
25,am,20NOV18:08:19:00,3,0,4,2,2,,,,,,,,,,,,,,,,,,20181120
25,am,21NOV18:12:01:00,3,0,4,4,4,,,,,,,,,,,,,,,,,,20181121
25,am,22NOV18:08:24:00,3,0,4,3,3,,,,,,,,,,,,,,,,,,20181122
25,am,23NOV18:09:09:00,3,0,4,2,4,,,,,,,,,,,,,,,,,,20181123
25,am,25NOV18:11:49:00,3,0,4,3,3,,,,,,,,,,,,,,,,,,20181125
25,am,26NOV18:09:12:00,3,0,4,3,3,,,,,,,,,,,,,,,,,,20181126
25,am,27NOV18:08:44:00,3,0,4,3,3,,,,,,,,,,,,,,,,,,20181127
25,am,28NOV18:15:34:00,3,0,4,3,3,,,,,,,,,,,,,,,,,,20181128
25,pm,15NOV18:23:22:00,,,,,,4,4,2,3,3,3,3,coffee,1,c,1,,,,,,,20181115
25,pm,17NOV18:00:17:00,,,,,,4,4,2,3,3,3,,,,c,1,,,,,,,20181117
25,pm,18NOV18:22:49:00,,,,,,2,2,2,3,2,3,,,,,,,,,,,,20181118
25,pm,20NOV18:00:39:00,,,,,,3,2,2,3,3,3,,,,,,s,1,,,,,20181120
25,pm,22NOV18:23:22:00,,,,,,4,4,2,2,2,2,2,,,,,,,,,,,20181122
25,pm,23NOV18:22:09:00,,,,,,3,3,2,2,2,2,2,,,,,,,,,,,20181123
25,pm,24NOV18:23:39:00,,,,,,3,3,1,3,3,1,3,,,c,1,s,1,,,,,20181124
25,pm,25NOV18:23:12:00,,,,,,3,3,2,2,2,2,2,,,,,,,,,,,20181125
25,pm,26NOV18:22:02:00,,,,,,3,3,2,2,2,2,2,,,,,,,,,,,20181126
25,pm,27NOV18:21:26:00,,,,,,3,3,2,2,2,2,2,,,,,,,,,,,20181127
25,pm,28NOV18:22:34:00,,,,,,3,3,2,2,2,2,2,,,,,,,,,,,20181128
3,am,31OCT18:10:26:00,2,0,4,2,2,,,,,,,,,,,,,,,,,,20181031
3,am,01NOV18:11:58:00,2,2,4,2,3,,,,,,,,,,,,,,,,,,20181101
3,am,02NOV18:10:48:00,3,0,4,2,3,,,,,,,,,,,,,,,,,,20181102
3,am,06NOV18:09:59:00,3,0,4,3,3,,,,,,,,,,,,,,,,,,20181106
3,am,07NOV18:09:50:00,2,7,1,1,2,,,,,,,,,,,,,,,,,,20181107
3,am,08NOV18:11:50:00,3,2,2,2,3,,,,,,,,,,,,,,,,,,20181108
3,am,09NOV18:10:15:00,2,2,4,2,3,,,,,,,,,,,,,,,,,,20181109
3,am,10NOV18:12:22:00,3,2,2,3,3,,,,,,,,,,,,,,,,,,20181110
3,am,11NOV18:11:44:00,4,0,4,3,3,,,,,,,,,,,,,,,,,,20181111
3,am,12NOV18:08:20:00,2,5,4,2,3,,,,,,,,,,,,,,,,,,20181112
3,am,13NOV18:11:03:00,3,0,4,3,3,,,,,,,,,,,,,,,,,,20181113
3,pm,31OCT18:23:48:00,,,,,,3,1,2,4,2,2,4,,,c,1,,,,,,,20181031
3,pm,01NOV18:23:36:00,,,,,,3,2,2,4,2,2,4,,,,,,,,,,,20181101
3,pm,02NOV18:23:50:00,,,,,,3,1,2,4,1,4,3,,,,,,,,,,,20181102
3,pm,06NOV18:22:03:00,,,,,,3,2,2,2,2,2,2,,,,,,,,,,,20181106
3,pm,07NOV18:21:14:00,,,,,,2,1,2,4,1,2,,,,,,,,,,,,20181107
3,pm,08NOV18:23:02:00,,,,,,3,3,2,4,2,3,4,,,,,,,,,,,20181108
3,pm,09NOV18:22:37:00,,,,,,3,2,1,4,2,3,4,,,,,,,,,,,20181109
3,pm,10NOV18:23:30:00,,,,,,3,2,2,4,2,2,4,,,,,,,,,,,20181110
3,pm,11NOV18:21:57:00,,,,,,3,2,2,4,1,3,4,,,,,,,,,,,20181111
18,am,16NOV18:12:01:00,3,0,4,4,3,,,,,,,,,,,,,,,,,,20181116
18,am,17NOV18:21:14:00,2,5,4,2,2,,,,,,,,,,,,,,,,,,20181117
18,am,18NOV18:13:02:00,3,5,4,2,2,,,,,,,,,,,,,,,,,,20181118
18,am,19NOV18:09:51:00,3,5,4,2,3,,,,,,,,,,,,,,,,,,20181119
18,am,20NOV18:11:14:00,4,9,4,4,4,,,,,,,,,,,,,,,,,,20181120
18,am,21NOV18:13:15:00,4,5,2,2,3,,,,,,,,,,,,,,,,,,20181121
18,am,22NOV18:08:27:00,3,0,4,2,3,,,,,,,,,,,,,,,,,,20181122
18,am,23NOV18:11:04:00,2,0,4,2,3,,,,,,,,,,,,,,,,,,20181123
18,am,24NOV18:15:02:00,3,0,4,2,2,,,,,,,,,,,,,,,,,,20181124
18,am,25NOV18:10:43:00,3,5,4,2,2,,,,,,,,,,,,,,,,,,20181125
18,am,27NOV18:11:39:00,4,0,4,3,3,,,,,,,,,,,,,,,,,,20181127
18,am,28NOV18:08:38:00,4,0,4,4,3,,,,,,,,,,,,,,,,,,20181128
18,pm,16NOV18:23:43:00,,,,,,3,3,2,3,3,4,4,,,,,,,,,,,20181116
18,pm,17NOV18:21:14:00,,,,,,4,2,2,4,2,2,3,,,,,,,,,,,20181117
18,pm,20NOV18:21:27:00,,,,,,4,2,2,4,2,3,4,,,,,,,,,,,20181120
18,pm,23NOV18:22:18:00,,,,,,4,2,2,4,2,4,3,,,,,,,,,,,20181123
18,pm,24NOV18:22:21:00,,,,,,4,2,2,4,2,3,3,,,,,,,,,,,20181124
18,pm,25NOV18:22:39:00,,,,,,4,2,2,4,3,3,3,,,,,,,,,,,20181125
18,pm,27NOV18:23:14:00,,,,,,4,4,2,4,3,3,4,,,,,,,,,,,20181127
18,pm,28NOV18:20:51:00,,,,,,4,3,2,4,3,3,4,,,,,,,,,,,20181128
15,am,31OCT18:11:05:00,3,0,4,2,3,,,,,,,,,,,,,,,,,,20181031
15,am,01NOV18:09:26:00,2,2,4,2,2,,,,,,,,,,,,,,,,,,20181101
15,am,02NOV18:09:32:00,3,8,4,2,2,,,,,,,,,,,,,,,,,,20181102
15,am,03NOV18:10:44:00,2,0,4,1,1,,,,,,,,,,,,,,,,,,20181103
15,am,04NOV18:11:00:00,1,7,1,2,1,,,,,,,,,,,,,,,,,,20181104
15,am,05NOV18:11:05:00,2,0,4,2,3,,,,,,,,,,,,,,,,,,20181105
15,am,06NOV18:10:56:00,2,9,4,2,2,,,,,,,,,,,,,,,,,,20181106
15,am,07NOV18:09:56:00,2,2,4,2,3,,,,,,,,,,,,,,,,,,20181107
15,am,08NOV18:11:13:00,2,2,4,1,3,,,,,,,,,,,,,,,,,,20181108
15,am,09NOV18:10:14:00,2,2,4,2,2,,,,,,,,,,,,,,,,,,20181109
15,am,10NOV18:10:03:00,2,2,4,2,2,,,,,,,,,,,,,,,,,,20181110
15,am,11NOV18:10:45:00,3,9,4,2,3,,,,,,,,,,,,,,,,,,20181111
15,am,12NOV18:09:16:00,2,7,1,2,2,,,,,,,,,,,,,,,,,,20181112
15,pm,01NOV18:21:32:00,,,,,,3,1,2,4,1,2,4,coffee,2,c,2,,,,,,,20181101
15,pm,02NOV18:22:19:00,,,,,,3,1,2,2,1,2,4,coffee,2,c,3,,,,,,,20181102
15,pm,03NOV18:22:55:00,,,,,,3,1,2,4,2,3,4,coffee,2,c,3,b,1,,,,,20181103
15,pm,04NOV18:23:59:00,,,,,,2,2,2,1,2,2,,coffee,2,c,2,,,,,,,20181104
15,pm,06NOV18:23:21:00,,,,,,3,3,2,1,2,2,,coffee,2,c,2,,,,,,,20181106
15,pm,07NOV18:23:19:00,,,,,,3,2,2,2,1,2,,coffee,2,c,1,,,,,,,20181107
15,pm,09NOV18:23:29:00,,,,,,3,3,2,1,2,2,,coffee,2,c,1,,,,,,,20181109
15,pm,11NOV18:00:15:00,,,,,,3,3,2,2,1,2,,coffee,2,c,1,,,,,,,20181111
15,pm,12NOV18:22:41:00,,,,,,3,3,2,1,2,3,,coffee,2,c,1,,,,,,,20181112
15,pm,13NOV18:23:21:00,,,,,,3,3,2,4,1,2,,coffee,2,c,2,,,,,,,20181113
20,am,15NOV18:10:43:00,4,0,4,3,3,,,,,,,,,,,,,,,,,,20181115
20,am,16NOV18:10:24:00,2,1,4,2,2,,,,,,,,,,,,,,,,,,20181116
20,am,17NOV18:23:12:00,2,2,2,2,1,,,,,,,,,,,,,,,,,,20181117
20,am,18NOV18:12:07:00,1,0,2,2,2,,,,,,,,,,,,,,,,,,20181118
20,am,19NOV18:12:15:00,5,0,3,4,3,,,,,,,,,,,,,,,,,,20181119
20,am,20NOV18:10:57:00,3,0,2,3,3,,,,,,,,,,,,,,,,,,20181120
20,am,22NOV18:09:20:00,2,2,2,2,2,,,,,,,,,,,,,,,,,,20181122
20,am,23NOV18:10:18:00,5,3,3,4,4,,,,,,,,,,,,,,,,,,20181123
20,am,24NOV18:14:47:00,4,3,2,4,4,,,,,,,,,,,,,,,,,,20181124
20,am,27NOV18:10:02:00,2,1,2,2,3,,,,,,,,,,,,,,,,,,20181127
20,am,28NOV18:10:12:00,4,1,2,3,4,,,,,,,,,,,,,,,,,,20181128
20,pm,15NOV18:23:53:00,,,,,,3,3,2,4,2,2,2,coffee,3,,,,,,,,,20181115
20,pm,17NOV18:23:13:00,,,,,,5,4,1,2,4,3,2,coffee,1,,,b,3,,,,,20181117
20,pm,20NOV18:02:17:00,,,,,,2,3,2,3,2,2,4,coffee,1,,,,,,,,,20181120
20,pm,22NOV18:22:57:00,,,,,,4,4,2,3,2,2,4,coffee,1,c,1,,,,,,,20181122
20,pm,24NOV18:23:24:00,,,,,,3,3,2,2,3,4,2,,,c,2,w,1,,,,,20181124
20,pm,25NOV18:23:28:00,,,,,,4,4,2,4,3,3,3,,,c,1,b,1,,,,,20181125
20,pm,26NOV18:23:37:00,,,,,,3,3,2,4,2,2,4,,,c,2,,,,,,,20181126
20,pm,27NOV18:23:31:00,,,,,,4,4,2,2,2,2,2,coffee,1,c,1,,,,,,,20181127
20,pm,28NOV18:22:12:00,,,,,,4,4,2,2,2,2,4,coffee,1,c,1,,,,,,,20181128
10,am,31OCT18:09:31:00,3,5,2,3,3,,,,,,,,,,,,,,,,,,20181031
10,am,01NOV18:09:28:00,3,1,4,3,3,,,,,,,,,,,,,,,,,,20181101
10,am,02NOV18:08:59:00,1,5,4,3,3,,,,,,,,,,,,,,,,,,20181102
10,am,04NOV18:12:41:00,4,9,4,4,3,,,,,,,,,,,,,,,,,,20181104
10,am,05NOV18:22:37:00,2,9,2,3,3,,,,,,,,,,,,,,,,,,20181105
10,am,06NOV18:08:43:00,1,0,2,3,3,,,,,,,,,,,,,,,,,,20181106
10,am,07NOV18:08:42:00,1,2,2,2,1,,,,,,,,,,,,,,,,,,20181107
10,am,10NOV18:08:53:00,3,0,4,2,2,,,,,,,,,,,,,,,,,,20181110
10,am,11NOV18:09:45:00,1,1,2,2,2,,,,,,,,,,,,,,,,,,20181111
10,am,13NOV18:08:57:00,2,1,2,2,2,,,,,,,,,,,,,,,,,,20181113
10,pm,02NOV18:09:00:00,,,,,,3,3,2,2,2,2,,coffee,2,,,,,,,,,20181102
10,pm,03NOV18:12:19:00,,,,,,3,3,2,2,2,2,2,,,,,,,,,,,20181103
10,pm,05NOV18:22:37:00,,,,,,3,2,2,2,2,2,2,coffee,2,,,,,,,,,20181105
10,pm,06NOV18:21:42:00,,,,,,3,3,2,2,2,2,,coffee,1,,,,,,,,,20181106
10,pm,13NOV18:21:54:00,,,,,,3,1,2,2,2,2,,coffee,1,,,,,,,,,20181113
21,am,15NOV18:09:30:00,2,0,4,2,3,,,,,,,,,,,,,,,,,,20181115
21,am,16NOV18:07:12:00,4,0,4,4,4,,,,,,,,,,,,,,,,,,20181116
21,am,17NOV18:08:01:00,4,0,4,2,2,,,,,,,,,,,,,,,,,,20181117
21,am,18NOV18:07:14:00,4,0,4,2,3,,,,,,,,,,,,,,,,,,20181118
21,am,19NOV18:11:31:00,4,0,4,4,4,,,,,,,,,,,,,,,,,,20181119
21,am,20NOV18:08:02:00,5,0,4,2,4,,,,,,,,,,,,,,,,,,20181120
21,am,22NOV18:11:12:00,4,0,4,4,5,,,,,,,,,,,,,,,,,,20181122
21,am,23NOV18:07:22:00,4,0,4,2,3,,,,,,,,,,,,,,,,,,20181123
21,am,24NOV18:08:31:00,5,0,4,2,4,,,,,,,,,,,,,,,,,,20181124
21,am,25NOV18:06:25:00,2,0,4,1,3,,,,,,,,,,,,,,,,,,20181125
21,am,26NOV18:11:40:00,4,0,4,3,4,,,,,,,,,,,,,,,,,,20181126
21,am,27NOV18:07:05:00,4,0,4,3,4,,,,,,,,,,,,,,,,,,20181127
21,am,28NOV18:09:05:00,2,2,4,3,4,,,,,,,,,,,,,,,,,,20181128
21,pm,16NOV18:21:24:00,,,,,,4,3,1,1,2,4,4,coffee,1,,,,,,,,,20181116
21,pm,18NOV18:21:35:00,,,,,,3,1,2,1,3,1,1,,,,,,,,,,,20181118
21,pm,19NOV18:22:46:00,,,,,,5,2,2,4,3,3,4,,,,,,,,,,,20181119
21,pm,20NOV18:21:34:00,,,,,,4,2,2,4,3,3,4,coffee,1,,,,,,,,,20181120
21,pm,21NOV18:21:36:00,,,,,,4,2,2,4,3,3,4,,,,,,,,,,,20181121
21,pm,24NOV18:22:14:00,,,,,,4,2,2,4,3,3,4,,,,,,,,,,,20181124
21,pm,25NOV18:21:31:00,,,,,,3,5,2,3,1,3,,,,,,s,1,,,,,20181125
21,pm,26NOV18:23:31:00,,,,,,3,4,2,4,3,3,4,,,,,,,,,,,20181126
21,pm,28NOV18:20:34:00,,,,,,4,4,2,4,2,4,4,,,c,1,,,,,,,20181128
11,am,31OCT18:10:14:00,4,0,3,4,4,,,,,,,,,,,,,,,,,,20181031
11,am,01NOV18:13:47:00,4,0,4,2,4,,,,,,,,,,,,,,,,,,20181101
11,am,02NOV18:11:30:00,4,1,4,2,2,,,,,,,,,,,,,,,,,,20181102
11,am,03NOV18:13:25:00,4,1,2,3,3,,,,,,,,,,,,,,,,,,20181103
11,am,04NOV18:18:11:00,2,1,2,1,2,,,,,,,,,,,,,,,,,,20181104
11,am,05NOV18:09:18:00,1,0,4,1,1,,,,,,,,,,,,,,,,,,20181105
11,am,06NOV18:15:51:00,4,0,4,3,2,,,,,,,,,,,,,,,,,,20181106
11,am,07NOV18:13:32:00,2,0,4,2,3,,,,,,,,,,,,,,,,,,20181107
11,am,08NOV18:15:51:00,4,0,4,3,2,,,,,,,,,,,,,,,,,,20181108
11,am,09NOV18:07:14:00,1,0,4,2,2,,,,,,,,,,,,,,,,,,20181109
11,am,10NOV18:18:35:00,4,0,2,2,4,,,,,,,,,,,,,,,,,,20181110
11,am,11NOV18:15:36:00,4,0,4,3,3,,,,,,,,,,,,,,,,,,20181111
11,am,12NOV18:16:05:00,4,0,4,3,3,,,,,,,,,,,,,,,,,,20181112
11,am,13NOV18:15:21:00,4,5,4,3,3,,,,,,,,,,,,,,,,,,20181113
11,pm,01NOV18:21:50:00,,,,,,4,2,2,4,4,3,4,coffee,1,,,,,,,,,20181101
11,pm,02NOV18:23:34:00,,,,,,3,2,2,4,3,3,3,,,,,,,,,,,20181102
11,pm,03NOV18:23:55:00,,,,,,3,1,2,4,3,3,4,,,c,1,,,,,,,20181103
11,pm,04NOV18:23:50:00,,,,,,2,2,2,4,3,3,4,,,,,,,,,,,20181104
11,pm,05NOV18:23:24:00,,,,,,4,2,2,3,3,4,3,,,c,1,,,,,,,20181105
11,pm,06NOV18:23:28:00,,,,,,3,2,2,4,4,3,4,,,c,1,,,,,,,20181106
11,pm,07NOV18:23:28:00,,,,,,2,1,2,4,3,3,4,,,c,1,,,,,,,20181107
11,pm,08NOV18:23:32:00,,,,,,3,1,2,4,4,3,4,,,c,1,,,,,,,20181108
11,pm,09NOV18:23:23:00,,,,,,3,2,1,4,3,3,4,,,,,,,,,,,20181109
11,pm,10NOV18:23:26:00,,,,,,3,3,1,4,4,3,4,,,,,,,,,,,20181110
11,pm,11NOV18:23:42:00,,,,,,3,3,2,4,4,3,4,,,,,,,,,,,20181111
11,pm,12NOV18:23:42:00,,,,,,3,4,2,4,4,2,4,,,,,,,,,,,20181112
11,pm,13NOV18:23:52:00,,,,,,3,3,2,4,4,3,4,,,c,1,,,,,,,20181113
23,am,15NOV18:10:25:00,3,0,2,4,3,,,,,,,,,,,,,,,,,,20181115
23,am,16NOV18:08:23:00,3,0,4,3,3,,,,,,,,,,,,,,,,,,20181116
23,am,17NOV18:10:27:00,4,0,4,2,4,,,,,,,,,,,,,,,,,,20181117
23,am,18NOV18:08:32:00,2,0,4,2,2,,,,,,,,,,,,,,,,,,20181118
23,am,19NOV18:08:29:00,3,7,2,2,3,,,,,,,,,,,,,,,,,,20181119
23,am,20NOV18:12:11:00,2,0,4,1,2,,,,,,,,,,,,,,,,,,20181120
23,am,21NOV18:08:28:00,5,0,2,4,4,,,,,,,,,,,,,,,,,,20181121
23,am,22NOV18:08:25:00,3,0,4,3,3,,,,,,,,,,,,,,,,,,20181122
23,am,23NOV18:08:33:00,2,0,4,2,2,,,,,,,,,,,,,,,,,,20181123
23,am,24NOV18:11:39:00,5,0,4,4,5,,,,,,,,,,,,,,,,,,20181124
23,am,25NOV18:11:50:00,4,0,4,4,4,,,,,,,,,,,,,,,,,,20181125
23,am,26NOV18:08:34:00,3,0,4,2,3,,,,,,,,,,,,,,,,,,20181126
23,am,27NOV18:08:19:00,2,0,4,2,3,,,,,,,,,,,,,,,,,,20181127
23,am,28NOV18:13:57:00,2,0,4,2,2,,,,,,,,,,,,,,,,,,20181128
23,pm,15NOV18:21:54:00,,,,,,4,2,2,2,3,3,,,,,,s,1,,,,,20181115
23,pm,16NOV18:21:37:00,,,,,,2,2,2,4,3,3,4,,,,,,,,,,,20181116
23,pm,17NOV18:23:24:00,,,,,,3,5,2,4,2,3,3,,,,,,,,,,,20181117
23,pm,18NOV18:22:49:00,,,,,,3,3,2,2,2,3,,,,,,,,,,,,20181118
23,pm,19NOV18:20:50:00,,,,,,3,3,2,4,1,3,,,,,,,,,,,,20181119
23,pm,20NOV18:19:58:00,,,,,,3,2,2,4,2,3,,,,,,,,,,,,20181120
23,pm,23NOV18:20:30:00,,,,,,3,4,2,4,2,3,,,,,,,,,,,,20181123
23,pm,24NOV18:23:55:00,,,,,,4,4,2,4,3,3,,,,,,,,,,,,20181124
23,pm,25NOV18:21:07:00,,,,,,4,4,2,4,3,3,,,,,,s,2,,,,,20181125
23,pm,26NOV18:21:36:00,,,,,,4,4,2,4,3,3,,,,,,,,,,,,20181126
23,pm,27NOV18:21:42:00,,,,,,4,4,2,,3,3,,,,,,,,,,,,20181127
23,pm,28NOV18:21:17:00,,,,,,3,3,2,4,4,3,,,,,,,,,,,,20181128
13,am,31OCT18:08:37:00,3,2,4,2,3,,,,,,,,,,,,,,,,,,20181031
13,am,01NOV18:08:42:00,3,0,4,2,3,,,,,,,,,,,,,,,,,,20181101
13,am,02NOV18:08:16:00,3,1,4,2,3,,,,,,,,,,,,,,,,,,20181102
13,am,03NOV18:12:54:00,2,3,2,1,3,,,,,,,,,,,,,,,,,,20181103
13,am,05NOV18:15:04:00,2,4,2,1,3,,,,,,,,,,,,,,,,,,20181105
13,am,06NOV18:10:25:00,2,1,2,2,2,,,,,,,,,,,,,,,,,,20181106
13,am,07NOV18:12:58:00,3,5,4,2,3,,,,,,,,,,,,,,,,,,20181107
13,am,08NOV18:09:59:00,5,5,4,2,4,,,,,,,,,,,,,,,,,,20181108
13,am,09NOV18:10:57:00,2,0,4,1,3,,,,,,,,,,,,,,,,,,20181109
13,am,10NOV18:13:58:00,5,3,4,1,3,,,,,,,,,,,,,,,,,,20181110
13,am,11NOV18:15:33:00,2,1,4,1,2,,,,,,,,,,,,,,,,,,20181111
13,am,12NOV18:13:11:00,2,4,2,1,2,,,,,,,,,,,,,,,,,,20181112
13,pm,31OCT18:23:00:00,,,,,,5,2,2,4,3,3,4,,,,,,,,,,,20181031
13,pm,01NOV18:22:28:00,,,,,,5,4,2,4,3,3,4,,,,,,,,,,,20181101
13,pm,02NOV18:21:41:00,,,,,,3,2,2,4,3,3,,,,,,,,,,,,20181102
13,pm,03NOV18:23:25:00,,,,,,5,4,2,4,3,3,,,,,,,,,,,,20181103
13,pm,05NOV18:22:44:00,,,,,,4,3,2,4,3,3,,,,,,,,,,,,20181105
13,pm,06NOV18:21:16:00,,,,,,3,3,2,4,3,3,,,,,,,,,,,,20181106
13,pm,07NOV18:23:54:00,,,,,,3,2,2,4,3,3,,,,,,,,,,,,20181107
13,pm,09NOV18:10:57:00,,,,,,5,2,1,4,2,3,,,,,,,,,,,,20181109
13,pm,10NOV18:23:32:00,,,,,,5,2,2,4,3,3,,,,,,,,,,,,20181110
13,pm,11NOV18:22:29:00,,,,,,4,4,2,4,3,3,,,,,,,,,,,,20181111
13,pm,12NOV18:23:15:00,,,,,,3,1,1,4,3,3,3,,,,,,,,,,,20181112
1,am,15NOV18:10:57:00,3,0,4,2,2,,,,,,,,,,,,,,,,,,20181115
1,am,16NOV18:08:50:00,4,0,4,2,2,,,,,,,,,,,,,,,,,,20181116
1,am,17NOV18:11:48:00,3,3,2,4,5,,,,,,,,,,,,,,,,,,20181117
1,am,18NOV18:11:36:00,3,0,4,3,4,,,,,,,,,,,,,,,,,,20181118
1,am,19NOV18:07:49:00,4,6,4,2,2,,,,,,,,,,,,,,,,,,20181119
1,am,20NOV18:09:12:00,3,0,4,1,5,,,,,,,,,,,,,,,,,,20181120
1,am,21NOV18:10:44:00,4,5,4,3,2,,,,,,,,,,,,,,,,,,20181121
1,am,22NOV18:09:09:00,4,0,4,1,2,,,,,,,,,,,,,,,,,,20181122
1,am,23NOV18:08:18:00,5,0,4,1,2,,,,,,,,,,,,,,,,,,20181123
1,am,24NOV18:07:30:00,5,0,4,1,2,,,,,,,,,,,,,,,,,,20181124
1,am,27NOV18:08:44:00,4,0,4,3,3,,,,,,,,,,,,,,,,,,20181127
1,am,28NOV18:08:35:00,1,0,4,1,1,,,,,,,,,,,,,,,,,,20181128
1,pm,16NOV18:00:32:00,,,,,,3,1,2,1,3,3,4,,,,,,,,,,,20181116
1,pm,17NOV18:03:26:00,,,,,,5,4,2,1,3,3,,coffee,2,,,,,,,,,20181117
1,pm,18NOV18:23:34:00,,,,,,3,2,2,2,3,3,4,,,c,1,,,,,,,20181118
1,pm,19NOV18:22:10:00,,,,,,4,2,2,2,3,3,4,coffee,1,c,1,,,,,,,20181119
1,pm,21NOV18:22:31:00,,,,,,3,2,2,1,3,3,2,,,,,,,,,,,20181121
1,pm,22NOV18:23:35:00,,,,,,4,2,2,3,3,3,4,coffee,3,c,1,,,,,,,20181122
1,pm,23NOV18:23:46:00,,,,,,3,1,1,3,3,3,4,,,,,,,,,,,20181123
1,pm,24NOV18:22:31:00,,,,,,4,3,1,1,3,3,3,,,c,1,s,1,,,,,20181124
1,pm,27NOV18:21:26:00,,,,,,4,3,2,3,3,3,3,,,,,,,,,,,20181127
1,pm,28NOV18:21:38:00,,,,,,4,3,2,3,3,3,4,,,,,,,,,,,20181128
12,am,31OCT18:10:14:00,4,0,4,3,3,,,,,,,,,,,,,,,,,,20181031
12,am,01NOV18:08:06:00,5,0,4,4,4,,,,,,,,,,,,,,,,,,20181101
12,am,02NOV18:07:54:00,4,0,4,3,3,,,,,,,,,,,,,,,,,,20181102
12,am,03NOV18:09:46:00,4,0,2,2,4,,,,,,,,,,,,,,,,,,20181103
12,am,06NOV18:07:54:00,4,8,4,4,4,,,,,,,,,,,,,,,,,,20181106
12,am,07NOV18:07:24:00,4,0,4,3,4,,,,,,,,,,,,,,,,,,20181107
12,am,08NOV18:08:22:00,4,0,4,2,4,,,,,,,,,,,,,,,,,,20181108
12,am,09NOV18:08:27:00,4,0,4,2,3,,,,,,,,,,,,,,,,,,20181109
12,am,12NOV18:10:30:00,4,0,2,3,4,,,,,,,,,,,,,,,,,,20181112
12,am,13NOV18:07:20:00,4,9,4,3,3,,,,,,,,,,,,,,,,,,20181113
12,pm,31OCT18:23:02:00,,,,,,5,5,,4,3,4,4,coffee,1,c,1,,,,,,,20181031
12,pm,01NOV18:21:19:00,,,,,,4,5,,4,2,4,4,,,c,1,,,,,,,20181101
12,pm,03NOV18:20:39:00,,,,,,3,5,,4,3,2,2,,,c,1,,,,,,,20181103
12,pm,05NOV18:18:10:00,,,,,,4,5,,4,3,4,4,,,c,1,,,,,,,20181105
12,pm,06NOV18:22:23:00,,,,,,5,5,,4,3,4,3,,,c,1,,,,,,,20181106
12,pm,07NOV18:20:57:00,,,,,,4,5,,4,2,2,4,,,c,1,,,,,,,20181107
12,pm,08NOV18:21:13:00,,,,,,4,5,,4,3,4,4,coffee,1,c,1,,,,,,,20181108
12,pm,09NOV18:20:14:00,,,,,,5,5,,4,2,4,2,coffee,1,c,1,b,3,,,,,20181109
30,am,15NOV18:09:26:00,2,1,4,2,2,,,,,,,,,,,,,,,,,,20181115
30,am,16NOV18:10:13:00,3,0,4,3,2,,,,,,,,,,,,,,,,,,20181116
30,am,17NOV18:08:25:00,3,2,4,2,2,,,,,,,,,,,,,,,,,,20181117
30,am,18NOV18:09:03:00,3,0,4,3,3,,,,,,,,,,,,,,,,,,20181118
30,am,19NOV18:22:25:00,4,0,4,4,4,,,,,,,,,,,,,,,,,,20181119
30,am,21NOV18:09:32:00,2,0,4,2,3,,,,,,,,,,,,,,,,,,20181121
30,am,22NOV18:12:59:00,4,0,4,4,4,,,,,,,,,,,,,,,,,,20181122
30,am,23NOV18:10:24:00,3,0,4,2,3,,,,,,,,,,,,,,,,,,20181123
30,am,24NOV18:12:10:00,3,0,4,3,3,,,,,,,,,,,,,,,,,,20181124
30,am,25NOV18:13:54:00,2,1,4,2,2,,,,,,,,,,,,,,,,,,20181125
30,am,26NOV18:09:54:00,3,1,4,2,3,,,,,,,,,,,,,,,,,,20181126
30,am,28NOV18:09:11:00,2,0,4,2,2,,,,,,,,,,,,,,,,,,20181128
30,pm,15NOV18:23:23:00,,,,,,3,2,2,4,1,3,4,,,c,1,,,,,,,20181115
30,pm,16NOV18:22:26:00,,,,,,3,2,1,3,3,1,1,,,,,,,,,,,20181116
30,pm,17NOV18:21:26:00,,,,,,4,3,1,3,3,2,4,,,,,,,,,,,20181117
30,pm,18NOV18:22:55:00,,,,,,4,4,1,3,3,3,4,,,,,,,,,,,20181118
30,pm,19NOV18:22:44:00,,,,,,3,3,1,3,3,1,4,,,,,,,,,,,20181119
30,pm,20NOV18:22:49:00,,,,,,3,3,2,3,3,3,4,,,,,,,,,,,20181120
30,pm,22NOV18:22:17:00,,,,,,3,3,2,3,3,3,4,,,,,,,,,,,20181122
30,pm,23NOV18:23:31:00,,,,,,3,2,1,2,2,3,4,,,,,,,,,,,20181123
30,pm,24NOV18:22:45:00,,,,,,3,2,1,4,1,3,,,,,,,,,,,,20181124
30,pm,25NOV18:22:44:00,,,,,,3,3,1,3,3,2,4,coffee,1,,,,,,,,,20181125
30,pm,26NOV18:23:14:00,,,,,,3,3,2,3,3,3,4,,,c,1,,,,,,,20181126
30,pm,27NOV18:23:36:00,,,,,,3,1,2,2,3,3,,,,,,,,,,,,20181127
30,pm,28NOV18:20:26:00,,,,,,4,4,1,4,3,3,4,,,,,,,,,,,20181128
7,am,31OCT18:07:41:00,4,0,2,3,3,,,,,,,,,,,,,,,,,,20181031
7,am,01NOV18:07:24:00,3,1,2,4,4,,,,,,,,,,,,,,,,,,20181101
7,am,02NOV18:07:32:00,4,2,2,3,4,,,,,,,,,,,,,,,,,,20181102
7,am,03NOV18:07:53:00,4,0,2,4,3,,,,,,,,,,,,,,,,,,20181103
7,am,04NOV18:07:36:00,3,2,2,3,2,,,,,,,,,,,,,,,,,,20181104
7,am,05NOV18:07:43:00,2,1,2,2,3,,,,,,,,,,,,,,,,,,20181105
7,am,06NOV18:07:27:00,4,1,2,3,3,,,,,,,,,,,,,,,,,,20181106
7,am,07NOV18:07:12:00,4,0,2,3,3,,,,,,,,,,,,,,,,,,20181107
7,am,08NOV18:07:28:00,4,0,2,3,4,,,,,,,,,,,,,,,,,,20181108
7,am,09NOV18:07:19:00,4,0,3,3,3,,,,,,,,,,,,,,,,,,20181109
7,am,10NOV18:09:48:00,3,0,2,2,3,,,,,,,,,,,,,,,,,,20181110
7,am,11NOV18:09:10:00,4,2,2,3,4,,,,,,,,,,,,,,,,,,20181111
7,am,13NOV18:07:22:00,3,1,2,3,3,,,,,,,,,,,,,,,,,,20181113
7,pm,31OCT18:19:26:00,,,,,,4,3,2,4,2,2,4,coffee,1,c,1,,,,,,,20181031
7,pm,01NOV18:19:23:00,,,,,,3,2,2,4,3,3,4,coffee,1,c,1,,,,,,,20181101
7,pm,02NOV18:19:46:00,,,,,,3,1,2,4,3,3,4,coffee,1,c,2,,,,,,,20181102
7,pm,03NOV18:20:42:00,,,,,,4,4,2,3,3,3,4,,,c,1,b,1,,,,,20181103
7,pm,04NOV18:19:31:00,,,,,,4,4,2,4,3,3,4,coffee,1,c,1,,,,,,,20181104
7,pm,05NOV18:19:58:00,,,,,,2,2,2,4,2,3,4,,,c,1,,,,,,,20181105
7,pm,06NOV18:20:01:00,,,,,,3,2,2,4,2,3,4,,,c,1,,,,,,,20181106
7,pm,07NOV18:19:56:00,,,,,,3,2,2,4,2,2,4,coffee,1,c,1,,,,,,,20181107
7,pm,08NOV18:20:44:00,,,,,,3,2,2,4,3,2,4,coffee,1,c,2,,,,,,,20181108
7,pm,09NOV18:19:21:00,,,,,,3,3,2,4,3,4,4,coffee,1,c,1,,,,,,,20181109
7,pm,10NOV18:21:57:00,,,,,,3,4,2,4,3,3,4,,,,,,,,,,,20181110
7,pm,11NOV18:21:10:00,,,,,,4,4,2,4,3,3,3,,,c,1,,,,,,,20181111
7,pm,12NOV18:19:33:00,,,,,,3,3,2,4,3,3,,,,c,1,,,,,,,20181112
7,pm,13NOV18:19:41:00,,,,,,3,4,2,4,3,3,,,,c,1,,,,,,,20181113
29,am,15NOV18:11:10:00,5,0,4,4,3,,,,,,,,,,,,,,,,,,20181115
29,am,16NOV18:09:14:00,5,0,4,2,3,,,,,,,,,,,,,,,,,,20181116
29,am,17NOV18:15:19:00,4,9,3,1,2,,,,,,,,,,,,,,,,,,20181117
29,am,18NOV18:08:34:00,3,9,4,2,2,,,,,,,,,,,,,,,,,,20181118
29,am,21NOV18:09:58:00,2,5,4,1,1,,,,,,,,,,,,,,,,,,20181121
29,am,24NOV18:22:36:00,5,0,2,2,2,,,,,,,,,,,,,,,,,,20181124
29,am,25NOV18:12:12:00,2,9,4,2,4,,,,,,,,,,,,,,,,,,20181125
29,am,26NOV18:22:14:00,2,9,4,2,4,,,,,,,,,,,,,,,,,,20181126
29,am,27NOV18:15:13:00,4,5,3,2,3,,,,,,,,,,,,,,,,,,20181127
29,pm,16NOV18:21:40:00,,,,,,3,1,2,4,3,4,4,,,c,1,,,,,,,20181116
29,pm,17NOV18:23:23:00,,,,,,3,1,2,4,4,3,4,,,c,1,,,,,,,20181117
29,pm,18NOV18:22:25:00,,,,,,3,1,2,3,3,3,4,coffee,1,c,2,,,,,,,20181118
29,pm,19NOV18:21:35:00,,,,,,3,1,2,3,3,3,,coffee,1,,,,,,,,,20181119
29,pm,20NOV18:23:29:00,,,,,,2,1,2,3,2,4,4,,,c,1,,,,,,,20181120
29,pm,21NOV18:23:03:00,,,,,,2,1,2,4,2,3,4,,,,,,,,,,,20181121
29,pm,22NOV18:23:19:00,,,,,,3,1,2,4,4,2,3,,,c,1,,,,,,,20181122
29,pm,23NOV18:21:25:00,,,,,,3,2,2,4,2,4,4,,,,,,,,,,,20181123
29,pm,25NOV18:22:32:00,,,,,,3,3,2,4,3,2,4,coffee,1,,,,,,,,,20181125
29,pm,26NOV18:23:15:00,,,,,,4,3,2,3,2,2,4,coffee,1,c,1,,,,,,,20181126
29,pm,28NOV18:21:15:00,,,,,,3,4,2,4,4,3,4,,,c,1,,,,,,,20181128
5,am,30OCT18:18:12:00,1,1,1,1,1,,,,,,,,,,,,,,,,,,20181030
5,am,31OCT18:08:17:00,4,3,4,4,3,,,,,,,,,,,,,,,,,,20181031
5,am,01NOV18:07:20:00,4,0,4,2,3,,,,,,,,,,,,,,,,,,20181101
5,am,02NOV18:06:44:00,3,0,4,2,3,,,,,,,,,,,,,,,,,,20181102
5,am,03NOV18:07:20:00,4,0,4,4,3,,,,,,,,,,,,,,,,,,20181103
5,am,04NOV18:07:08:00,3,0,4,2,2,,,,,,,,,,,,,,,,,,20181104
5,am,05NOV18:07:48:00,4,0,4,4,2,,,,,,,,,,,,,,,,,,20181105
5,am,07NOV18:07:38:00,3,3,4,2,2,,,,,,,,,,,,,,,,,,20181107
5,am,08NOV18:08:30:00,2,2,1,2,1,,,,,,,,,,,,,,,,,,20181108
5,am,09NOV18:08:21:00,4,0,4,4,4,,,,,,,,,,,,,,,,,,20181109
5,am,10NOV18:07:28:00,4,3,4,4,3,,,,,,,,,,,,,,,,,,20181110
5,am,11NOV18:08:23:00,3,3,1,3,3,,,,,,,,,,,,,,,,,,20181111
5,am,12NOV18:07:27:00,2,3,4,2,2,,,,,,,,,,,,,,,,,,20181112
5,am,13NOV18:07:41:00,4,3,4,2,3,,,,,,,,,,,,,,,,,,20181113
5,pm,30OCT18:18:17:00,,,,,,4,2,2,2,2,2,2,,,c,1,,,,,,,20181030
5,pm,31OCT18:21:04:00,,,,,,2,1,1,3,4,4,4,coffee,1,,,,,,,,,20181031
5,pm,01NOV18:21:14:00,,,,,,4,4,2,3,2,3,4,,,c,1,,,,,,,20181101
5,pm,02NOV18:21:20:00,,,,,,4,3,2,3,2,3,4,coffee,1,,,,,,,,,20181102
5,pm,03NOV18:20:28:00,,,,,,3,1,2,2,3,4,4,coffee,1,c,1,,,,,,,20181103
5,pm,04NOV18:20:53:00,,,,,,4,2,2,3,1,4,3,coffee,1,c,2,,,,,,,20181104
5,pm,05NOV18:20:33:00,,,,,,3,1,2,2,3,4,4,coffee,1,c,2,,,,,,,20181105
5,pm,06NOV18:20:37:00,,,,,,4,2,2,3,1,4,3,coffee,1,c,2,,,,,,,20181106
5,pm,07NOV18:20:26:00,,,,,,4,3,2,3,3,1,4,coffee,1,c,1,,,,,,,20181107
5,pm,08NOV18:20:42:00,,,,,,3,4,2,3,3,2,3,,,c,1,,,,,,,20181108
5,pm,09NOV18:21:10:00,,,,,,4,3,2,3,1,3,4,,,c,1,,,,,,,20181109
5,pm,10NOV18:20:43:00,,,,,,4,4,2,3,1,4,3,,,c,1,b,1,,,,,20181110
5,pm,11NOV18:20:40:00,,,,,,4,3,2,3,3,4,2,,,c,1,,,,,,,20181111
5,pm,12NOV18:22:11:00,,,,,,2,1,2,3,1,4,4,coffee,1,c,1,,,,,,,20181112
5,pm,13NOV18:19:50:00,,,,,,4,4,2,3,1,3,4,coffee,1,,,,,,,,,20181113
22,am,15NOV18:09:18:00,4,3,4,4,3,,,,,,,,,,,,,,,,,,20181115
22,am,16NOV18:09:14:00,3,5,4,3,4,,,,,,,,,,,,,,,,,,20181116
22,am,17NOV18:07:35:00,3,2,4,3,3,,,,,,,,,,,,,,,,,,20181117
22,am,18NOV18:09:40:00,3,3,4,2,3,,,,,,,,,,,,,,,,,,20181118
22,am,20NOV18:09:07:00,2,9,4,2,3,,,,,,,,,,,,,,,,,,20181120
22,am,21NOV18:09:17:00,3,2,4,3,3,,,,,,,,,,,,,,,,,,20181121
22,am,22NOV18:08:59:00,3,2,4,3,3,,,,,,,,,,,,,,,,,,20181122
22,am,23NOV18:08:29:00,2,5,4,1,1,,,,,,,,,,,,,,,,,,20181123
22,am,24NOV18:09:29:00,4,0,4,4,4,,,,,,,,,,,,,,,,,,20181124
22,am,25NOV18:09:29:00,3,0,4,3,3,,,,,,,,,,,,,,,,,,20181125
22,am,26NOV18:09:22:00,3,0,4,3,3,,,,,,,,,,,,,,,,,,20181126
22,am,27NOV18:07:16:00,3,1,4,3,3,,,,,,,,,,,,,,,,,,20181127
22,am,28NOV18:09:05:00,3,1,4,3,3,,,,,,,,,,,,,,,,,,20181128
22,pm,15NOV18:21:49:00,,,,,,3,2,2,2,2,2,4,,,,,,,,,,,20181115
22,pm,16NOV18:21:42:00,,,,,,3,2,2,2,2,2,4,,,,,,,,,,,20181116
22,pm,17NOV18:22:02:00,,,,,,3,1,1,2,2,2,4,,,,,,,,,,,20181117
22,pm,18NOV18:20:36:00,,,,,,3,3,2,2,2,2,,,,,,,,,,,,20181118
22,pm,19NOV18:22:13:00,,,,,,2,3,2,2,2,2,,,,,,,,,,,,20181119
22,pm,20NOV18:21:57:00,,,,,,3,3,2,2,2,2,,,,,,,,,,,,20181120
22,pm,21NOV18:21:59:00,,,,,,3,3,2,2,2,2,,,,c,1,,,,,,,20181121
22,pm,22NOV18:21:24:00,,,,,,2,1,2,2,2,1,,,,,,,,,,,,20181122
22,pm,23NOV18:21:07:00,,,,,,3,2,2,2,4,2,,,,,,,,,,,,20181123
22,pm,24NOV18:22:09:00,,,,,,3,2,2,2,2,2,,,,,,,,,,,,20181124
22,pm,25NOV18:21:48:00,,,,,,3,3,2,2,2,2,,,,,,,,,,,,20181125
22,pm,26NOV18:21:42:00,,,,,,3,3,2,2,2,2,,,,,,,,,,,,20181126
22,pm,27NOV18:21:23:00,,,,,,3,3,2,2,2,2,,,,,,,,,,,,20181127
22,pm,28NOV18:22:14:00,,,,,,3,3,2,2,2,2,,,,,,,,,,,,20181128
6,am,31OCT18:07:02:00,3,9,2,3,3,,,,,,,,,,,,,,,,,,20181031
6,am,01NOV18:08:19:00,4,2,2,2,3,,,,,,,,,,,,,,,,,,20181101
6,am,02NOV18:06:46:00,4,9,2,3,3,,,,,,,,,,,,,,,,,,20181102
6,am,03NOV18:07:42:00,3,9,2,3,3,,,,,,,,,,,,,,,,,,20181103
6,am,04NOV18:07:21:00,3,9,2,3,3,,,,,,,,,,,,,,,,,,20181104
6,am,05NOV18:06:59:00,3,0,2,3,3,,,,,,,,,,,,,,,,,,20181105
6,am,06NOV18:08:57:00,3,9,2,3,3,,,,,,,,,,,,,,,,,,20181106
6,am,07NOV18:08:05:00,4,9,2,3,3,,,,,,,,,,,,,,,,,,20181107
6,am,09NOV18:11:21:00,2,9,2,2,2,,,,,,,,,,,,,,,,,,20181109
6,am,10NOV18:09:34:00,3,9,2,3,3,,,,,,,,,,,,,,,,,,20181110
6,am,11NOV18:09:07:00,3,9,2,3,3,,,,,,,,,,,,,,,,,,20181111
6,am,13NOV18:09:02:00,3,9,2,3,3,,,,,,,,,,,,,,,,,,20181113
6,pm,31OCT18:18:51:00,,,,,,3,3,2,2,2,2,2,,,,,,,,,,,20181031
6,pm,04NOV18:07:20:00,,,,,,3,3,2,2,2,2,4,,,,,,,,,,,20181104
6,pm,05NOV18:22:02:00,,,,,,3,4,2,2,2,4,4,,,,,,,,,,,20181105
6,pm,06NOV18:22:40:00,,,,,,3,3,2,2,2,2,,,,,,,,,,,,20181106
6,pm,09NOV18:23:23:00,,,,,,3,3,2,2,2,2,,,,,,,,,,,,20181109
6,pm,11NOV18:23:43:00,,,,,,3,3,2,2,2,2,,,,,,,,,,,,20181111
6,pm,12NOV18:23:02:00,,,,,,3,3,2,2,2,2,,,,,,,,,,,,20181112
27,am,15NOV18:10:00:00,2,0,4,2,2,,,,,,,,,,,,,,,,,,20181115
27,am,16NOV18:10:40:00,3,4,2,2,2,,,,,,,,,,,,,,,,,,20181116
27,am,17NOV18:08:55:00,2,2,4,1,1,,,,,,,,,,,,,,,,,,20181117
27,am,18NOV18:11:41:00,4,0,2,3,3,,,,,,,,,,,,,,,,,,20181118
27,am,19NOV18:10:37:00,3,6,2,1,2,,,,,,,,,,,,,,,,,,20181119
27,am,20NOV18:08:16:00,2,4,2,1,1,,,,,,,,,,,,,,,,,,20181120
27,am,21NOV18:10:25:00,3,4,2,1,1,,,,,,,,,,,,,,,,,,20181121
27,am,22NOV18:10:28:00,2,4,2,1,2,,,,,,,,,,,,,,,,,,20181122
27,am,23NOV18:10:37:00,2,6,4,1,1,,,,,,,,,,,,,,,,,,20181123
27,am,24NOV18:10:46:00,2,6,2,1,1,,,,,,,,,,,,,,,,,,20181124
27,am,25NOV18:10:10:00,1,5,2,1,1,,,,,,,,,,,,,,,,,,20181125
27,am,26NOV18:10:14:00,2,6,2,1,1,,,,,,,,,,,,,,,,,,20181126
27,am,27NOV18:07:56:00,2,4,2,1,1,,,,,,,,,,,,,,,,,,20181127
27,am,28NOV18:10:23:00,2,0,2,2,2,,,,,,,,,,,,,,,,,,20181128
27,pm,15NOV18:22:33:00,,,,,,1,1,2,4,1,2,4,,,,,,,,,,,20181115
27,pm,16NOV18:22:43:00,,,,,,1,1,2,4,2,1,4,,,,,,,,,,,20181116
27,pm,17NOV18:22:34:00,,,,,,2,1,2,4,4,2,4,,,c,1,,,,,,,20181117
27,pm,18NOV18:23:45:00,,,,,,1,1,2,4,4,3,4,,,c,1,,,,,,,20181118
27,pm,19NOV18:22:44:00,,,,,,1,1,,4,2,3,4,,,c,2,,,,,,,20181119
27,pm,20NOV18:22:34:00,,,,,,2,1,2,4,3,3,4,,,,,,,,,,,20181120
27,pm,21NOV18:22:37:00,,,,,,1,1,,4,2,1,4,,,,,,,,,,,20181121
27,pm,22NOV18:22:56:00,,,,,,2,1,,4,2,2,4,,,,,,,,,,,20181122
27,pm,23NOV18:23:16:00,,,,,,1,1,1,4,2,2,4,,,,,,,,,,,20181123
27,pm,24NOV18:23:00:00,,,,,,4,1,1,4,4,3,4,,,c,1,s,2,,,,,20181124
27,pm,25NOV18:22:34:00,,,,,,2,1,2,4,4,3,4,,,c,1,,,,,,,20181125
27,pm,26NOV18:22:20:00,,,,,,1,1,2,4,3,3,4,,,,,,,,,,,20181126
27,pm,27NOV18:23:23:00,,,,,,3,1,2,4,3,2,4,,,c,1,,,,,,,20181127
27,pm,28NOV18:22:30:00,,,,,,2,1,1,4,3,3,4,,,c,1,,,,,,,20181128
14,am,31OCT18:09:40:00,2,8,4,3,3,,,,,,,,,,,,,,,,,,20181031
14,am,01NOV18:09:24:00,3,0,4,4,3,,,,,,,,,,,,,,,,,,20181101
14,am,02NOV18:08:01:00,2,2,4,1,1,,,,,,,,,,,,,,,,,,20181102
14,am,03NOV18:13:44:00,4,0,4,4,4,,,,,,,,,,,,,,,,,,20181103
14,am,04NOV18:13:54:00,1,6,4,1,2,,,,,,,,,,,,,,,,,,20181104
14,am,05NOV18:08:22:00,2,0,4,1,1,,,,,,,,,,,,,,,,,,20181105
14,am,06NOV18:06:24:00,1,9,4,1,1,,,,,,,,,,,,,,,,,,20181106
14,am,08NOV18:05:57:00,1,9,4,1,2,,,,,,,,,,,,,,,,,,20181108
14,am,09NOV18:05:53:00,2,2,4,1,1,,,,,,,,,,,,,,,,,,20181109
14,am,10NOV18:14:03:00,5,0,4,3,3,,,,,,,,,,,,,,,,,,20181110
14,am,11NOV18:14:45:00,4,6,4,5,3,,,,,,,,,,,,,,,,,,20181111
14,am,12NOV18:08:59:00,4,4,4,3,3,,,,,,,,,,,,,,,,,,20181112
14,am,13NOV18:23:12:00,3,9,4,3,3,,,,,,,,,,,,,,,,,,20181113
14,pm,31OCT18:23:21:00,,,,,,2,1,2,4,2,2,3,coffee,2,,,,,,,,,20181031
14,pm,01NOV18:21:38:00,,,,,,3,2,1,2,2,2,,coffee,1,,,,,,,,,20181101
14,pm,02NOV18:22:08:00,,,,,,2,1,1,4,2,2,3,coffee,1,,,,,,,,,20181102
14,pm,04NOV18:02:24:00,,,,,,2,1,1,4,2,3,4,coffee,1,,,,,,,,,20181104
14,pm,06NOV18:00:36:00,,,,,,1,1,1,1,4,4,3,coffee,1,c,1,,,,,,,20181106
14,pm,07NOV18:21:26:00,,,,,,2,1,1,3,3,3,3,coffee,1,,,,,,,,,20181107
14,pm,09NOV18:21:20:00,,,,,,1,1,1,1,2,2,4,coffee,1,,,,,,,,,20181109
14,pm,10NOV18:23:15:00,,,,,,5,2,1,3,4,3,3,,,,,,,,,,,20181110
14,pm,11NOV18:23:36:00,,,,,,3,2,1,4,3,3,3,,,c,1,,,,,,,20181111
14,pm,12NOV18:21:47:00,,,,,,3,2,1,4,2,2,4,coffee,1,c,1,,,,,,,20181112
14,pm,13NOV18:23:13:00,,,,,,4,2,2,4,2,3,3,coffee,1,,,,,,,,,20181113
2,am,15NOV18:10:39:00,3,0,4,2,2,,,,,,,,,,,,,,,,,,20181115
2,am,17NOV18:09:10:00,3,5,4,3,3,,,,,,,,,,,,,,,,,,20181117
2,am,19NOV18:21:23:00,3,0,4,3,3,,,,,,,,,,,,,,,,,,20181119
2,am,25NOV18:23:52:00,2,2,4,2,2,,,,,,,,,,,,,,,,,,20181125
2,am,27NOV18:19:43:00,1,0,4,2,4,,,,,,,,,,,,,,,,,,20181127
2,am,28NOV18:18:58:00,2,1,4,2,3,,,,,,,,,,,,,,,,,,20181128
2,pm,15NOV18:17:51:00,,,,,,3,3,1,3,1,2,4,,,c,1,,,,,,,20181115
2,pm,16NOV18:22:36:00,,,,,,2,1,1,4,2,3,3,,,,,b,5,,,,,20181116
2,pm,20NOV18:23:49:00,,,,,,2,2,1,1,1,1,,,,,,,,,,,,20181120
2,pm,21NOV18:23:01:00,,,,,,2,2,2,2,2,3,,,,,,,,,,,,20181121
2,pm,25NOV18:23:52:00,,,,,,3,3,2,2,2,2,,,,,,,,,,,,20181125
2,pm,26NOV18:23:20:00,,,,,,4,3,,2,2,2,,,,,,,,,,,,20181126
2,pm,27NOV18:19:43:00,,,,,,4,4,,2,2,2,,,,,,,,,,,,20181127
2,pm,28NOV18:18:58:00,,,,,,2,1,2,2,2,2,,,,,,,,,,,,20181128
16,am,31OCT18:18:35:00,1,5,4,2,3,,,,,,,,,,,,,,,,,,20181031
16,am,01NOV18:12:06:00,4,2,2,3,4,,,,,,,,,,,,,,,,,,20181101
16,am,02NOV18:12:48:00,4,1,4,2,1,,,,,,,,,,,,,,,,,,20181102
16,am,07NOV18:12:15:00,3,0,2,2,2,,,,,,,,,,,,,,,,,,20181107
16,am,08NOV18:10:05:00,3,0,4,2,2,,,,,,,,,,,,,,,,,,20181108
16,am,12NOV18:12:40:00,2,1,4,1,2,,,,,,,,,,,,,,,,,,20181112
16,pm,01NOV18:23:04:00,,,,,,3,1,2,4,3,2,4,coffee,1,c,2,,,,,,,20181101
16,pm,02NOV18:22:17:00,,,,,,3,2,2,2,2,3,4,coffee,1,c,1,,,,,,,20181102
16,pm,07NOV18:22:32:00,,,,,,2,2,2,2,2,2,4,,,,,,,,,,,20181107
16,pm,08NOV18:22:20:00,,,,,,3,1,1,1,2,3,4,,,,,,,,,,,20181108
16,pm,09NOV18:18:58:00,,,,,,3,1,2,2,2,2,,,,,,,,,,,,20181109
16,pm,12NOV18:21:28:00,,,,,,2,1,,2,2,2,2,,,,,,,,,,,20181112
28,am,15NOV18:07:53:00,3,0,2,2,3,,,,,,,,,,,,,,,,,,20181115
28,am,16NOV18:07:36:00,3,5,4,2,2,,,,,,,,,,,,,,,,,,20181116
28,am,17NOV18:07:25:00,1,1,4,2,2,,,,,,,,,,,,,,,,,,20181117
28,am,18NOV18:08:52:00,4,0,4,3,3,,,,,,,,,,,,,,,,,,20181118
28,am,19NOV18:06:54:00,4,0,4,4,4,,,,,,,,,,,,,,,,,,20181119
28,am,20NOV18:08:16:00,4,0,4,3,3,,,,,,,,,,,,,,,,,,20181120
28,am,21NOV18:09:03:00,4,5,4,5,3,,,,,,,,,,,,,,,,,,20181121
28,am,22NOV18:07:43:00,2,5,4,3,3,,,,,,,,,,,,,,,,,,20181122
28,am,23NOV18:13:29:00,1,5,4,2,3,,,,,,,,,,,,,,,,,,20181123
28,am,24NOV18:10:11:00,4,5,4,4,4,,,,,,,,,,,,,,,,,,20181124
28,am,25NOV18:17:34:00,4,0,4,4,4,,,,,,,,,,,,,,,,,,20181125
28,am,26NOV18:23:13:00,4,0,4,4,4,,,,,,,,,,,,,,,,,,20181126
28,am,27NOV18:19:27:00,4,0,2,4,4,,,,,,,,,,,,,,,,,,20181127
28,am,28NOV18:09:15:00,4,2,4,3,3,,,,,,,,,,,,,,,,,,20181128
28,pm,15NOV18:23:59:00,,,,,,4,2,2,4,3,3,3,,,,,,,,,,,20181115
28,pm,17NOV18:21:27:00,,,,,,4,2,1,2,1,2,,caffei,1,,,,,,,,,20181117
28,pm,18NOV18:22:55:00,,,,,,4,4,1,2,3,3,,coffee,1,,,,,,,,,20181118
28,pm,19NOV18:22:59:00,,,,,,4,4,2,2,3,3,1,,,,,,,,,,,20181119
28,pm,20NOV18:23:29:00,,,,,,3,2,2,4,2,4,3,,,,,,,,,,,20181120
28,pm,21NOV18:23:01:00,,,,,,5,5,2,2,3,3,,,,,,,,,,,,20181121
28,pm,22NOV18:21:13:00,,,,,,3,2,2,4,3,2,4,,,,,,,,,,,20181122
28,pm,23NOV18:21:38:00,,,,,,5,5,2,4,1,2,2,,,,,,,,,,,20181123
28,pm,24NOV18:21:17:00,,,,,,4,3,2,4,2,2,,,,,,,,,,,,20181124
28,pm,26NOV18:23:13:00,,,,,,3,3,2,1,2,2,4,,,,,,,,,,,20181126
28,pm,27NOV18:22:26:00,,,,,,4,2,2,2,2,2,2,,,,,,,,,,,20181127
28,pm,28NOV18:20:26:00,,,,,,4,1,2,4,2,2,,,,c,1,,,,,,,20181128
8,am,01NOV18:07:41:00,2,2,4,2,2,,,,,,,,,,,,,,,,,,20181101
8,am,02NOV18:08:08:00,1,1,4,2,3,,,,,,,,,,,,,,,,,,20181102
8,am,03NOV18:10:46:00,2,2,4,2,4,,,,,,,,,,,,,,,,,,20181103
8,am,04NOV18:09:02:00,1,0,4,3,3,,,,,,,,,,,,,,,,,,20181104
8,am,05NOV18:07:42:00,2,6,4,2,3,,,,,,,,,,,,,,,,,,20181105
8,am,06NOV18:08:11:00,3,6,4,2,3,,,,,,,,,,,,,,,,,,20181106
8,am,07NOV18:21:39:00,2,0,4,2,3,,,,,,,,,,,,,,,,,,20181107
8,am,08NOV18:08:05:00,2,0,3,2,3,,,,,,,,,,,,,,,,,,20181108
8,am,09NOV18:07:36:00,1,2,4,2,3,,,,,,,,,,,,,,,,,,20181109
8,am,10NOV18:10:39:00,1,2,4,2,3,,,,,,,,,,,,,,,,,,20181110
8,am,11NOV18:09:37:00,1,1,4,2,3,,,,,,,,,,,,,,,,,,20181111
8,am,12NOV18:21:51:00,3,2,3,3,3,,,,,,,,,,,,,,,,,,20181112
8,pm,31OCT18:19:54:00,,,,,,4,2,2,4,2,3,4,,,c,1,,,,,,,20181031
8,pm,01NOV18:20:27:00,,,,,,3,3,2,4,3,3,4,,,,,,,,,,,20181101
8,pm,02NOV18:23:41:00,,,,,,5,3,2,3,2,3,3,coffee,1,,,w,1,,,,,20181102
8,pm,04NOV18:00:31:00,,,,,,4,4,1,3,3,3,3,,,c,2,,,,,,,20181104
8,pm,05NOV18:20:48:00,,,,,,4,2,2,3,3,3,4,coffee,2,,,b,1,,,,,20181105
8,pm,06NOV18:21:07:00,,,,,,3,2,2,2,3,2,4,,,c,1,,,,,,,20181106
8,pm,07NOV18:21:39:00,,,,,,3,3,2,2,3,3,4,coffee,1,,,,,,,,,20181107
8,pm,08NOV18:20:27:00,,,,,,1,1,1,4,2,2,4,,,,,,,,,,,20181108
8,pm,09NOV18:21:33:00,,,,,,4,3,2,4,2,2,4,coffee,1,c,1,,,,,,,20181109
8,pm,10NOV18:22:37:00,,,,,,4,4,2,2,2,3,4,coffee,1,,,,,,,,,20181110
8,pm,11NOV18:21:12:00,,,,,,4,3,2,2,3,3,4,,,c,2,,,,,,,20181111
8,pm,12NOV18:21:51:00,,,,,,3,1,2,4,1,2,4,coffee,1,,,,,,,,,20181112
8,pm,13NOV18:21:38:00,,,,,,3,1,2,4,1,2,4,coffee,1,,,,,,,,,20181113
19,am,15NOV18:08:48:00,4,0,3,4,4,,,,,,,,,,,,,,,,,,20181115
19,am,16NOV18:07:17:00,2,1,2,1,2,,,,,,,,,,,,,,,,,,20181116
19,am,17NOV18:08:33:00,3,2,2,4,4,,,,,,,,,,,,,,,,,,20181117
19,am,18NOV18:10:13:00,3,0,1,3,4,,,,,,,,,,,,,,,,,,20181118
19,am,19NOV18:08:55:00,3,5,2,2,2,,,,,,,,,,,,,,,,,,20181119
19,am,20NOV18:08:13:00,3,0,2,2,3,,,,,,,,,,,,,,,,,,20181120
19,am,21NOV18:08:21:00,3,5,2,2,3,,,,,,,,,,,,,,,,,,20181121
19,am,22NOV18:07:49:00,3,0,2,2,3,,,,,,,,,,,,,,,,,,20181122
19,am,23NOV18:11:11:00,2,0,2,2,2,,,,,,,,,,,,,,,,,,20181123
19,am,25NOV18:08:58:00,1,3,2,3,3,,,,,,,,,,,,,,,,,,20181125
19,am,27NOV18:07:56:00,3,5,2,2,3,,,,,,,,,,,,,,,,,,20181127
19,am,28NOV18:08:37:00,4,5,1,4,1,,,,,,,,,,,,,,,,,,20181128
19,pm,17NOV18:00:12:00,,,,,,4,2,2,4,3,3,4,,,,,,,,,,,20181117
19,pm,19NOV18:00:40:00,,,,,,4,4,2,4,2,2,,,,,,,,,,,,20181119
19,pm,20NOV18:21:25:00,,,,,,3,2,2,4,3,3,,,,,,,,,,,,20181120
19,pm,22NOV18:02:07:00,,,,,,3,2,2,3,3,,,,,,,,,,,,,20181122
19,pm,23NOV18:21:43:00,,,,,,3,2,2,3,3,3,,,,,,,,,,,,20181123
19,pm,24NOV18:23:42:00,,,,,,3,2,2,4,3,3,3,,,,,s,1,,,,,20181124
19,pm,26NOV18:22:16:00,,,,,,3,1,2,3,3,3,,,,,,,,,,,,20181126
19,pm,27NOV18:20:14:00,,,,,,3,2,2,2,2,2,,,,,,,,,,,,20181127
9,am,01NOV18:08:34:00,2,3,4,2,2,,,,,,,,,,,,,,,,,,20181101
9,am,02NOV18:08:11:00,2,9,4,2,2,,,,,,,,,,,,,,,,,,20181102
9,am,03NOV18:07:48:00,3,4,4,2,3,,,,,,,,,,,,,,,,,,20181103
9,am,04NOV18:07:51:00,2,4,4,2,3,,,,,,,,,,,,,,,,,,20181104
9,am,05NOV18:08:27:00,4,3,4,3,3,,,,,,,,,,,,,,,,,,20181105
9,am,06NOV18:07:32:00,3,0,4,3,3,,,,,,,,,,,,,,,,,,20181106
9,am,07NOV18:08:00:00,3,0,4,2,3,,,,,,,,,,,,,,,,,,20181107
9,am,08NOV18:08:19:00,3,3,4,3,3,,,,,,,,,,,,,,,,,,20181108
9,am,09NOV18:08:59:00,3,0,4,3,3,,,,,,,,,,,,,,,,,,20181109
9,am,10NOV18:09:10:00,3,0,4,2,3,,,,,,,,,,,,,,,,,,20181110
9,am,11NOV18:09:36:00,4,4,4,3,3,,,,,,,,,,,,,,,,,,20181111
9,am,12NOV18:07:39:00,3,0,2,3,3,,,,,,,,,,,,,,,,,,20181112
9,am,13NOV18:08:17:00,2,0,4,2,3,,,,,,,,,,,,,,,,,,20181113
9,pm,01NOV18:21:02:00,,,,,,3,4,1,2,3,3,4,coffee,2,t,1,b,2,,,,,20181101
9,pm,02NOV18:20:30:00,,,,,,3,4,2,2,3,3,4,coffee,2,c,1,,,,,,,20181102
9,pm,03NOV18:21:22:00,,,,,,4,4,2,1,2,3,3,coffee,1,,,b,3,,,,,20181103
9,pm,04NOV18:22:07:00,,,,,,2,4,2,3,3,3,,coffee,1,,,,,,,,,20181104
9,pm,05NOV18:21:42:00,,,,,,3,1,1,2,3,4,2,coffee,1,c,2,,,,,,,20181105
9,pm,06NOV18:20:59:00,,,,,,3,2,2,2,2,2,,coffee,2,c,2,,,,,,,20181106
9,pm,07NOV18:22:09:00,,,,,,4,4,2,3,3,3,,coffee,1,c,2,,,,,,,20181107
9,pm,08NOV18:21:23:00,,,,,,4,4,2,3,3,3,,coffee,2,c,2,,,,,,,20181108
9,pm,09NOV18:23:28:00,,,,,,4,4,2,3,3,3,,coffee,1,c,2,b,2,,,,,20181109
9,pm,10NOV18:22:07:00,,,,,,4,4,2,3,3,3,,,,c,2,b,3,,,,,20181110
9,pm,11NOV18:23:28:00,,,,,,4,4,2,3,3,3,,coffee,2,,,,,,,,,20181111
9,pm,12NOV18:22:15:00,,,,,,3,3,2,3,3,3,3,coffee,1,c,2,b,1,,,,,20181112
9,pm,13NOV18:20:15:00,,,,,,3,2,2,3,3,3,,coffee,1,c,2,,,,,,,20181113
26,am,15NOV18:10:26:00,2,5,4,1,1,,,,,,,,,,,,,,,,,,20181115
26,am,16NOV18:05:24:00,1,9,4,3,3,,,,,,,,,,,,,,,,,,20181116
26,am,17NOV18:11:04:00,2,3,4,2,2,,,,,,,,,,,,,,,,,,20181117
26,am,18NOV18:06:30:00,1,0,4,3,2,,,,,,,,,,,,,,,,,,20181118
26,am,19NOV18:12:04:00,4,0,2,4,4,,,,,,,,,,,,,,,,,,20181119
26,am,20NOV18:10:10:00,5,0,4,5,4,,,,,,,,,,,,,,,,,,20181120
26,am,21NOV18:09:16:00,4,9,4,4,4,,,,,,,,,,,,,,,,,,20181121
26,am,22NOV18:11:44:00,5,0,1,3,4,,,,,,,,,,,,,,,,,,20181122
26,am,24NOV18:09:39:00,4,0,4,1,3,,,,,,,,,,,,,,,,,,20181124
26,am,25NOV18:08:45:00,2,6,4,2,2,,,,,,,,,,,,,,,,,,20181125
26,am,26NOV18:09:50:00,2,2,4,2,2,,,,,,,,,,,,,,,,,,20181126
26,am,27NOV18:10:27:00,3,5,4,3,3,,,,,,,,,,,,,,,,,,20181127
26,am,28NOV18:09:47:00,4,0,4,4,4,,,,,,,,,,,,,,,,,,20181128
26,pm,15NOV18:22:17:00,,,,,,2,3,2,1,2,3,3,,,,,s,3,,,,,20181115
26,pm,16NOV18:20:19:00,,,,,,3,2,1,4,3,3,2,,,,,s,2,,,,,20181116
26,pm,17NOV18:23:00:00,,,,,,3,2,2,2,2,3,4,,,,,,,,,,,20181117
26,pm,18NOV18:19:51:00,,,,,,4,4,2,4,2,3,,,,,,,,,,,,20181118
26,pm,19NOV18:22:11:00,,,,,,4,3,2,4,3,3,2,,,,,,,,,,,20181119
26,pm,20NOV18:22:33:00,,,,,,4,3,2,2,3,2,4,,,,,,,,,,,20181120
26,pm,21NOV18:22:03:00,,,,,,2,2,2,2,3,2,,,,,,,,,,,,20181121
26,pm,22NOV18:22:44:00,,,,,,4,4,2,4,4,3,3,,,,,,,,,,,20181122
26,pm,24NOV18:01:23:00,,,,,,3,3,2,3,2,2,3,,,,,,,,,,,20181124
26,pm,25NOV18:21:37:00,,,,,,4,4,2,4,2,3,4,,,,,s,2,,,,,20181125
26,pm,26NOV18:22:44:00,,,,,,4,2,2,4,2,2,2,,,,,,,,,,,20181126
26,pm,28NOV18:21:48:00,,,,,,4,3,2,3,3,2,3,,,,,,,,,,,20181128
