userId,amPm,inputDt,sleep,sleepProblem,dream,amCondition,amEmotion,pmEmotion,pmStress,ifUnusual,breakfast,lunch,dinner,lateSnack,amCaffeine,amCaffAmount,pmCaffeine,pmCaffAmount,alcohol,aAmount
117,am,2020-01-18 13:16,4,2,4,3,3,,,,,,,,,,,,,
117,am,2020-01-19 9:44,4,0,4,3,3,,,,,,,,,,,,,
117,am,2020-01-20 8:43,5,5,4,2,3,,,,,,,,,,,,,
117,am,2020-01-21 8:23,3,2,4,2,3,,,,,,,,,,,,,
117,am,2020-01-22 8:34,4,5,4,2,2,,,,,,,,,,,,,
117,am,2020-01-23 8:40,5,0,4,2,3,,,,,,,,,,,,,
117,am,2020-01-24 10:22,2,2,4,2,3,,,,,,,,,,,,,
117,am,2020-01-25 7:39,2,0,4,1,2,,,,,,,,,,,,,
117,am,2020-01-26 10:12,4,2,4,2,3,,,,,,,,,,,,,
117,am,2020-01-27 10:20,3,8,4,2,3,,,,,,,,,,,,,
117,am,2020-01-28 8:33,3,4,4,4,3,,,,,,,,,,,,,
117,am,2020-01-29 8:31,2,2,4,2,2,,,,,,,,,,,,,
117,am,2020-01-30 8:44,3,2,4,3,2,,,,,,,,,,,,,
117,am,2020-01-31 8:39,1,5,4,2,1,,,,,,,,,,,,,
117,am,2020-02-01 6:37,2,2,4,1,2,,,,,,,,,,,,,
117,am,2020-02-02 10:38,3,0,4,3,3,,,,,,,,,,,,,
117,am,2020-02-03 7:33,4,0,4,2,4,,,,,,,,,,,,,
117,pm,2020-01-18 22:29,,,,,,3,4,1,4,3,3,4,coffee,1,,,,
117,pm,2020-01-19 22:43,,,,,,3,4,2,4,3,3,4,coffee,1,,,,
117,pm,2020-01-20 22:41,,,,,,4,4,2,3,3,3,3,,,,,,
117,pm,2020-01-21 22:58,,,,,,3,4,2,3,3,3,4,,,,,,
117,pm,2020-01-22 23:02,,,,,,3,2,2,3,3,3,4,coffee,1,,,,
117,pm,2020-01-23 23:17,,,,,,4,4,2,2,2,3,3,coffee,1,,,,
117,pm,2020-01-24 23:24,,,,,,4,5,1,2,3,3,4,,,,,beer,1
117,pm,2020-01-25 23:11,,,,,,4,5,1,2,2,2,3,,,,,,
117,pm,2020-01-26 22:35,,,,,,2,2,1,3,3,3,2,,,,,wine,1
117,pm,2020-01-27 22:57,,,,,,3,4,1,3,3,2,4,,,,,,
117,pm,2020-01-28 23:14,,,,,,3,4,2,4,2,3,4,,,,,,
117,pm,2020-01-29 23:18,,,,,,2,2,2,4,3,2,4,coffee,1,,,,
117,pm,2020-01-30 23:00,,,,,,3,4,2,4,3,2,4,coffee,1,,,,
117,pm,2020-01-31 23:23,,,,,,5,5,2,4,3,3,4,,,,,,
117,pm,2020-02-01 22:55,,,,,,5,4,1,4,2,3,4,,,,,beer,1
117,pm,2020-02-02 22:57,,,,,,4,4,1,4,2,3,4,,,,,,
105,am,2019-12-04 7:33,4,0,4,4,3,,,,,,,,,,,,,
105,am,2019-12-05 10:26,4,0,4,3,3,,,,,,,,,,,,,
105,am,2019-12-06 10:37,4,0,4,3,3,,,,,,,,,,,,,
105,am,2019-12-07 11:11,4,0,4,4,3,,,,,,,,,,,,,
105,am,2019-12-08 16:08,2,9,4,2,2,,,,,,,,,,,,,
105,am,2019-12-09 8:40,5,0,4,2,2,,,,,,,,,,,,,
105,am,2019-12-10 10:43,4,0,4,3,3,,,,,,,,,,,,,
105,am,2019-12-11 8:30,5,0,4,3,3,,,,,,,,,,,,,
105,am,2019-12-12 10:32,5,0,4,4,3,,,,,,,,,,,,,
105,am,2019-12-13 9:18,5,0,4,3,3,,,,,,,,,,,,,
105,am,2019-12-14 7:59,5,0,4,5,5,,,,,,,,,,,,,
105,am,2019-12-15 10:11,5,0,4,5,5,,,,,,,,,,,,,
105,am,2019-12-16 7:33,5,0,3,5,5,,,,,,,,,,,,,
105,am,2019-12-17 9:37,5,0,4,5,5,,,,,,,,,,,,,
105,am,2019-12-18 11:58,5,0,4,5,5,,,,,,,,,,,,,
105,am,2019-12-19 9:57,5,0,3,5,5,,,,,,,,,,,,,
105,pm,2019-12-04 21:10,,,,,,4,3,2,3,2,2,4,,,,,,
105,pm,2019-12-05 23:48,,,,,,3,4,2,3,4,3,4,,,coffee,1,,
105,pm,2019-12-06 23:57,,,,,,4,5,2,3,4,4,4,,,,,,
105,pm,2019-12-07 23:13,,,,,,5,5,1,3,4,3,4,,,,,,
105,pm,2019-12-08 23:32,,,,,,3,5,1,4,3,4,4,,,,,soju,2
105,pm,2019-12-09 22:38,,,,,,5,5,2,3,4,3,4,coffee,1,,,,
105,pm,2019-12-10 23:32,,,,,,5,4,2,3,4,3,4,,,,,,
105,pm,2019-12-11 23:18,,,,,,5,5,2,3,3,3,4,,,coffee,1,,
105,pm,2019-12-12 23:50,,,,,,5,5,2,3,3,3,4,,,,,,
105,pm,2019-12-13 23:20,,,,,,5,5,2,4,3,3,4,,,,,,
105,pm,2019-12-14 23:39,,,,,,5,5,1,3,3,3,4,,,,,,
105,pm,2019-12-15 23:07,,,,,,5,5,2,3,3,3,4,,,,,,
105,pm,2019-12-16 21:13,,,,,,5,5,2,3,4,3,4,,,,,,
105,pm,2019-12-17 23:40,,,,,,5,5,2,3,3,3,4,,,,,,
104,am,2019-12-04 7:22,2,1,4,2,2,,,,,,,,,,,,,
104,am,2019-12-05 7:15,3,1,4,2,2,,,,,,,,,,,,,
104,am,2019-12-06 7:53,3,0,4,2,3,,,,,,,,,,,,,
104,am,2019-12-07 13:46,4,5,4,3,3,,,,,,,,,,,,,
104,am,2019-12-08 9:32,3,5,4,4,3,,,,,,,,,,,,,
104,am,2019-12-09 8:46,4,1,2,4,3,,,,,,,,,,,,,
104,am,2019-12-11 8:15,4,0,4,2,3,,,,,,,,,,,,,
104,am,2019-12-12 9:01,4,2,2,4,3,,,,,,,,,,,,,
104,am,2019-12-14 4:43,4,2,4,4,4,,,,,,,,,,,,,
104,am,2019-12-15 7:53,3,2,1,4,4,,,,,,,,,,,,,
104,am,2019-12-16 7:00,4,0,2,2,2,,,,,,,,,,,,,
104,am,2019-12-17 7:58,4,0,4,2,3,,,,,,,,,,,,,
104,am,2019-12-18 8:31,2,2,4,1,4,,,,,,,,,,,,,
104,am,2019-12-19 13:15,4,0,4,2,4,,,,,,,,,,,,,
104,am,2019-12-20 8:02,4,0,4,2,4,,,,,,,,,,,,,
104,am,2019-12-21 11:57,4,0,4,4,3,,,,,,,,,,,,,
104,am,2019-12-22 14:05,1,0,4,2,4,,,,,,,,,,,,,
104,am,2019-12-23 8:23,4,5,4,1,4,,,,,,,,,,,,,
104,am,2019-12-24 13:54,3,5,4,2,3,,,,,,,,,,,,,
104,pm,2019-12-04 23:55,,,,,,2,2,2,3,2,4,4,,,coffee,1,,
104,pm,2019-12-05 23:41,,,,,,3,3,2,3,3,4,4,tea,1,coffee,1,,
104,pm,2019-12-07 0:08,,,,,,5,3,2,3,4,4,3,tea,1,,,,
104,pm,2019-12-08 23:17,,,,,,4,4,2,4,3,3,4,,,,,,
104,pm,2019-12-09 23:49,,,,,,4,2,2,3,3,2,3,,,coffee,1,,
104,pm,2019-12-10 21:15,,,,,,4,2,2,4,3,2,4,,,coffee,1,,
104,pm,2019-12-11 23:40,,,,,,4,2,2,3,3,4,3,coffee,1,coffee,1,,
104,pm,2019-12-12 23:35,,,,,,3,3,2,3,3,4,3,,,,,,
104,pm,2019-12-14 21:44,,,,,,4,4,1,4,2,3,4,,,,,soju,2
104,pm,2019-12-15 23:50,,,,,,5,3,2,4,3,3,4,,,coffee,1,beer,1
104,pm,2019-12-16 23:01,,,,,,4,3,2,4,2,2,3,,,coffee,1,,
104,pm,2019-12-17 23:29,,,,,,4,4,1,4,2,4,4,,,coffee,1,,
104,pm,2019-12-18 23:37,,,,,,4,4,2,4,3,4,2,coffee,1,coffee,1,,
104,pm,2019-12-19 23:58,,,,,,4,4,1,2,3,2,2,,,tea,1,,
104,pm,2019-12-20 23:21,,,,,,3,3,2,4,3,3,4,,,,,,
104,pm,2019-12-21 0:00,,,,,,4,5,1,2,3,4,3,coffee,1,coffee,,soju,2
104,pm,2019-12-23 22:55,,,,,,3,4,2,4,2,3,4,coffee,2,,,soju,3
120,am,2020-01-17 11:13,4,0,4,4,4,,,,,,,,,,,,,
120,am,2020-01-18 9:19,5,0,4,3,3,,,,,,,,,,,,,
120,am,2020-01-19 10:05,4,0,2,3,3,,,,,,,,,,,,,
120,am,2020-01-20 11:04,4,9,4,2,3,,,,,,,,,,,,,
120,am,2020-01-21 11:29,4,0,4,2,3,,,,,,,,,,,,,
120,am,2020-01-22 11:32,4,0,4,2,3,,,,,,,,,,,,,
120,am,2020-01-23 9:49,3,9,2,2,3,,,,,,,,,,,,,
120,am,2020-01-24 7:29,4,0,4,2,3,,,,,,,,,,,,,
120,am,2020-01-25 10:09,4,5,2,2,3,,,,,,,,,,,,,
120,am,2020-01-29 11:43,4,9,3,3,4,,,,,,,,,,,,,
120,am,2020-01-30 8:22,3,0,4,2,3,,,,,,,,,,,,,
120,am,2020-01-31 11:31,4,0,4,4,4,,,,,,,,,,,,,
120,am,2020-02-05 11:38,4,0,4,3,3,,,,,,,,,,,,,
120,am,2020-02-06 9:55,4,0,4,2,3,,,,,,,,,,,,,
120,am,2020-02-07 10:57,4,0,4,2,3,,,,,,,,,,,,,
120,am,2020-02-08 11:56,4,0,3,3,4,,,,,,,,,,,,,
120,am,2020-02-10 11:09,4,0,4,3,4,,,,,,,,,,,,,
120,am,2020-02-11 11:20,3,0,4,2,3,,,,,,,,,,,,,
120,am,2020-02-12 9:51,3,0,4,2,3,,,,,,,,,,,,,
120,am,2020-02-13 11:00,3,0,4,2,2,,,,,,,,,,,,,
120,pm,2020-01-18 1:03,,,,,,4,4,2,4,1,4,2,,,,,,
120,pm,2020-01-19 1:02,,,,,,4,4,2,4,2,2,2,,,,,,
120,pm,2020-01-20 2:45,,,,,,3,3,2,4,2,3,2,,,,,,
120,pm,2020-01-21 23:49,,,,,,3,5,2,4,3,2,4,,,,,,
120,pm,2020-01-22 23:58,,,,,,3,4,2,4,1,4,2,,,,,,
120,pm,2020-01-23 23:57,,,,,,4,5,2,2,3,3,4,,,,,soju,1
120,pm,2020-01-24 22:27,,,,,,4,5,2,2,3,3,4,,,,,,
120,pm,2020-01-25 23:39,,,,,,4,2,2,3,4,3,2,,,,,,
120,pm,2020-01-28 22:46,,,,,,4,5,2,2,2,3,4,,,,,,
120,pm,2020-01-29 23:39,,,,,,3,5,2,4,1,2,2,,,,,,
120,pm,2020-01-30 20:55,,,,,,3,3,2,4,1,2,4,,,,,,
120,pm,2020-02-05 23:44,,,,,,4,4,2,4,3,3,4,,,,,,
120,pm,2020-02-06 23:34,,,,,,3,4,2,2,3,3,4,,,,,,
120,pm,2020-02-07 23:20,,,,,,3,2,2,2,3,3,3,,,,,,
120,pm,2020-02-08 23:57,,,,,,4,4,2,2,3,3,2,,,,,soju,1
120,pm,2020-02-09 23:56,,,,,,4,4,2,4,3,3,2,,,,,,
120,pm,2020-02-10 23:42,,,,,,3,4,2,2,2,3,4,,,,,,
120,pm,2020-02-11 23:35,,,,,,3,4,2,4,1,3,2,,,,,,
120,pm,2020-02-12 23:48,,,,,,4,5,2,4,3,3,2,,,,,,
103,am,2020-01-04 10:46,4,0,4,3,4,,,,,,,,,,,,,
103,am,2020-01-05 10:47,5,0,4,3,4,,,,,,,,,,,,,
103,am,2020-01-06 14:54,5,0,4,4,4,,,,,,,,,,,,,
103,am,2020-01-07 11:56,5,0,4,4,4,,,,,,,,,,,,,
103,am,2020-01-08 11:41,2,0,4,2,2,,,,,,,,,,,,,
103,am,2020-01-09 11:30,2,1,4,2,2,,,,,,,,,,,,,
103,am,2020-01-10 10:27,4,0,4,4,4,,,,,,,,,,,,,
103,am,2020-01-11 10:35,2,5,2,2,4,,,,,,,,,,,,,
103,am,2020-01-12 10:55,4,1,4,2,4,,,,,,,,,,,,,
103,am,2020-01-13 10:55,2,5,4,2,3,,,,,,,,,,,,,
103,am,2020-01-14 10:54,4,5,4,3,3,,,,,,,,,,,,,
103,am,2020-01-15 11:20,1,1,4,2,4,,,,,,,,,,,,,
103,am,2020-01-16 11:40,5,0,2,2,4,,,,,,,,,,,,,
103,am,2020-01-17 11:27,4,0,4,4,4,,,,,,,,,,,,,
103,pm,2020-01-04 22:08,,,,,,5,2,1,3,3,3,3,,,,,,
103,pm,2020-01-05 23:37,,,,,,5,3,1,3,3,3,3,,,coffee,1,,
103,pm,2020-01-06 23:25,,,,,,5,5,2,3,3,3,4,,,,,,
103,pm,2020-01-07 23:59,,,,,,5,3,2,3,3,3,4,,,,,,
103,pm,2020-01-08 23:59,,,,,,5,4,1,4,3,2,4,,,,,,
103,pm,2020-01-09 23:58,,,,,,4,4,2,3,3,3,3,,,,,beer,1
103,pm,2020-01-11 23:56,,,,,,4,2,2,3,3,3,4,,,coffee,1,,
103,pm,2020-01-12 23:51,,,,,,2,2,2,4,4,3,3,,,,,,
103,pm,2020-01-13 23:37,,,,,,3,4,2,4,2,3,4,,,coffee,1,,
103,pm,2020-01-14 23:49,,,,,,4,4,2,3,3,4,4,,,coffee,1,,
103,pm,2020-01-15 23:43,,,,,,5,4,2,3,4,3,3,,,,,,
103,pm,2020-01-16 23:57,,,,,,5,4,2,4,2,3,3,,,,,,
114,am,2019-12-06 10:20,3,0,4,2,2,,,,,,,,,,,,,
114,am,2019-12-07 9:52,4,6,4,2,3,,,,,,,,,,,,,
114,am,2019-12-08 10:36,4,2,2,3,3,,,,,,,,,,,,,
114,am,2019-12-09 9:38,4,0,4,4,5,,,,,,,,,,,,,
114,am,2019-12-10 9:32,5,0,4,5,5,,,,,,,,,,,,,
114,am,2019-12-11 9:39,3,0,2,2,3,,,,,,,,,,,,,
114,am,2019-12-12 9:36,4,1,2,3,3,,,,,,,,,,,,,
114,am,2019-12-13 10:20,4,0,2,4,4,,,,,,,,,,,,,
114,am,2019-12-14 12:01,3,1,2,3,2,,,,,,,,,,,,,
114,am,2019-12-15 10:46,3,6,4,3,2,,,,,,,,,,,,,
114,am,2019-12-16 9:32,3,9,2,4,3,,,,,,,,,,,,,
114,am,2019-12-17 9:50,3,0,2,3,3,,,,,,,,,,,,,
114,am,2019-12-18 11:25,4,0,2,3,4,,,,,,,,,,,,,
114,am,2019-12-20 11:28,2,0,4,1,1,,,,,,,,,,,,,
114,am,2019-12-21 10:50,4,0,2,4,4,,,,,,,,,,,,,
114,am,2019-12-22 13:03,4,0,3,4,4,,,,,,,,,,,,,
114,pm,2019-12-07 1:23,,,,,,5,5,2,4,3,1,4,,,coffee,1,,
114,pm,2019-12-08 0:21,,,,,,4,4,2,3,3,4,4,,,,,,
114,pm,2019-12-09 23:58,,,,,,5,5,2,4,3,4,4,,,,,,
114,pm,2019-12-10 23:52,,,,,,5,5,2,4,3,4,4,coffee,1,,,,
114,pm,2019-12-11 22:48,,,,,,5,5,2,4,3,3,4,coffee,1,,,,
114,pm,2019-12-12 23:02,,,,,,4,5,2,4,3,3,4,,,coffee,1,,
114,pm,2019-12-13 22:19,,,,,,5,5,2,3,3,3,4,,,coffee,2,,
114,pm,2019-12-14 23:50,,,,,,5,4,2,4,3,3,3,,,coffee,1,,
114,pm,2019-12-15 23:50,,,,,,5,4,2,4,3,3,3,,,coffee,1,beer,1
114,pm,2019-12-16 23:56,,,,,,3,2,2,4,3,4,3,,,,,,
114,pm,2019-12-17 23:41,,,,,,2,2,2,4,3,3,4,coffee,1,,,,
114,pm,2019-12-18 23:49,,,,,,4,3,2,4,3,3,4,,,coffee,1,,
114,pm,2019-12-19 23:44,,,,,,5,5,2,3,3,3,3,,,,,soju,2
114,pm,2019-12-21 0:04,,,,,,5,5,2,4,3,3,4,,,,,,
114,pm,2019-12-22 16:33,,,,,,5,5,1,3,3,4,4,,,,,,
101,am,2020-01-01 9:50,2,0,4,3,3,,,,,,,,,,,,,
101,am,2020-01-02 7:01,5,9,4,4,4,,,,,,,,,,,,,
101,am,2020-01-03 7:09,5,9,4,4,4,,,,,,,,,,,,,
101,am,2020-01-04 11:47,5,9,4,4,4,,,,,,,,,,,,,
101,am,2020-01-05 9:27,2,1,4,2,2,,,,,,,,,,,,,
101,am,2020-01-06 8:08,5,9,4,2,4,,,,,,,,,,,,,
101,am,2020-01-08 8:15,5,1,4,3,3,,,,,,,,,,,,,
101,am,2020-01-09 8:04,3,1,4,2,3,,,,,,,,,,,,,
101,am,2020-01-10 8:09,4,0,4,2,3,,,,,,,,,,,,,
101,am,2020-01-11 11:22,4,9,4,4,4,,,,,,,,,,,,,
101,am,2020-01-12 11:26,4,0,4,4,4,,,,,,,,,,,,,
101,am,2020-01-13 8:15,4,1,4,2,3,,,,,,,,,,,,,
101,pm,2020-01-01 23:59,,,,,,5,5,2,4,3,3,4,,,,,,
101,pm,2020-01-02 22:31,,,,,,4,3,2,3,3,2,4,,,,,,
101,pm,2020-01-03 22:30,,,,,,4,3,2,3,3,3,3,,,,,,
101,pm,2020-01-04 23:51,,,,,,4,4,2,4,3,3,4,,,,,,
101,pm,2020-01-05 23:38,,,,,,4,2,1,4,3,3,4,,,,,,
101,pm,2020-01-06 19:11,,,,,,4,2,2,4,3,3,4,,,,,,
101,pm,2020-01-08 22:56,,,,,,4,1,2,3,3,4,4,,,,,,
101,pm,2020-01-09 22:44,,,,,,4,3,2,3,3,3,3,,,,,,
101,pm,2020-01-10 23:15,,,,,,4,3,2,3,3,4,4,,,,,,
101,pm,2020-01-11 23:29,,,,,,4,3,1,4,3,3,4,,,,,,
101,pm,2020-01-12 23:53,,,,,,4,3,1,4,3,3,4,,,,,,
115,am,2019-12-20 9:45,4,0,4,4,4,,,,,,,,,,,,,
115,am,2019-12-21 10:44,4,0,4,4,3,,,,,,,,,,,,,
115,am,2019-12-22 6:52,3,0,2,3,3,,,,,,,,,,,,,
115,am,2019-12-23 9:26,2,2,2,2,3,,,,,,,,,,,,,
115,am,2019-12-24 5:05,2,9,4,2,3,,,,,,,,,,,,,
115,am,2019-12-25 13:24,4,0,2,4,3,,,,,,,,,,,,,
115,am,2019-12-27 12:15,3,5,2,3,3,,,,,,,,,,,,,
115,am,2019-12-28 10:15,3,0,1,2,3,,,,,,,,,,,,,
115,am,2019-12-30 10:32,4,0,2,4,4,,,,,,,,,,,,,
115,am,2019-12-31 5:16,2,2,4,2,3,,,,,,,,,,,,,
115,am,2020-01-02 11:11,3,0,2,4,2,,,,,,,,,,,,,
115,am,2020-01-03 11:29,3,0,2,3,3,,,,,,,,,,,,,
115,am,2020-01-04 8:50,3,0,2,2,3,,,,,,,,,,,,,
115,am,2020-01-05 8:53,3,0,2,2,3,,,,,,,,,,,,,
115,am,2020-01-06 9:52,3,0,2,2,3,,,,,,,,,,,,,
115,pm,2019-12-20 23:55,,,,,,3,2,2,4,2,2,4,,,,,,
115,pm,2019-12-21 23:41,,,,,,4,4,2,4,3,3,4,,,,,,
115,pm,2019-12-22 23:05,,,,,,4,4,1,4,3,3,4,,,,,,
115,pm,2019-12-23 23:43,,,,,,4,4,2,4,3,2,4,,,,,,
115,pm,2019-12-24 23:43,,,,,,3,3,1,2,3,2,4,,,,,,
115,pm,2019-12-25 23:54,,,,,,3,4,2,4,2,3,2,,,,,,
115,pm,2019-12-26 23:34,,,,,,3,4,2,4,2,3,2,,,,,,
115,pm,2019-12-28 23:53,,,,,,4,4,2,4,2,3,2,,,,,,
115,pm,2019-12-30 23:55,,,,,,4,4,2,2,4,2,2,,,,,,
115,pm,2019-12-31 23:28,,,,,,3,3,2,2,2,3,4,,,,,,
115,pm,2020-01-02 23:43,,,,,,3,3,2,2,2,2,4,,,,,,
115,pm,2020-01-04 23:52,,,,,,3,3,2,2,2,2,4,,,,,,
115,pm,2020-01-05 23:54,,,,,,3,4,2,4,2,2,4,,,,,,
110,am,2019-12-18 9:07,5,0,2,4,4,,,,,,,,,,,,,
110,am,2019-12-19 4:59,4,0,4,3,3,,,,,,,,,,,,,
110,am,2019-12-20 12:54,4,0,4,2,3,,,,,,,,,,,,,
110,am,2019-12-21 8:51,1,9,4,4,4,,,,,,,,,,,,,
110,am,2019-12-22 8:13,4,3,2,2,3,,,,,,,,,,,,,
110,am,2019-12-23 8:57,5,0,4,2,3,,,,,,,,,,,,,
110,am,2019-12-24 7:40,4,0,3,3,2,,,,,,,,,,,,,
110,am,2019-12-25 9:55,4,0,4,2,3,,,,,,,,,,,,,
110,am,2019-12-26 8:18,4,3,2,3,3,,,,,,,,,,,,,
110,am,2019-12-27 7:44,3,5,2,3,3,,,,,,,,,,,,,
110,am,2020-01-09 11:05,4,0,2,3,1,,,,,,,,,,,,,
110,am,2020-01-10 12:48,2,9,2,3,3,,,,,,,,,,,,,
110,am,2020-01-11 23:37,4,9,4,4,3,,,,,,,,,,,,,
110,am,2020-01-12 16:19,4,9,2,3,3,,,,,,,,,,,,,
110,am,2020-01-14 11:55,4,9,3,3,3,,,,,,,,,,,,,
110,am,2020-01-15 13:19,4,9,2,4,3,,,,,,,,,,,,,
110,am,2020-01-17 10:51,4,9,3,3,3,,,,,,,,,,,,,
110,pm,2019-12-18 23:00,,,,,,4,4,2,3,3,3,4,,,,,,
110,pm,2019-12-22 22:54,,,,,,3,2,2,4,4,2,4,,,,,,
110,pm,2019-12-23 23:45,,,,,,3,2,2,2,3,3,4,,,,,,
110,pm,2019-12-25 23:47,,,,,,4,5,1,3,3,3,3,,,,,,
110,pm,2019-12-26 23:03,,,,,,2,3,2,3,3,3,3,,,,,,
110,pm,2020-01-09 23:53,,,,,,4,3,2,3,3,3,4,,,,,,
110,pm,2020-01-11 23:40,,,,,,3,2,2,3,3,3,3,,,,,,
110,pm,2020-01-12 23:54,,,,,,3,3,2,3,3,3,3,,,,,,
110,pm,2020-01-13 23:55,,,,,,3,3,2,3,3,3,3,,,,,,
110,pm,2020-01-14 23:55,,,,,,3,3,2,4,3,3,4,,,,,,
110,pm,2020-01-15 23:52,,,,,,3,3,1,4,3,3,3,,,,,,
110,pm,2020-01-16 23:44,,,,,,3,3,2,3,3,3,4,,,,,,
113,am,2020-01-02 9:06,4,0,4,4,4,,,,,,,,,,,,,
113,am,2020-01-03 8:46,3,2,4,3,4,,,,,,,,,,,,,
113,am,2020-01-04 10:00,4,0,4,4,4,,,,,,,,,,,,,
113,am,2020-01-05 10:22,4,3,4,4,3,,,,,,,,,,,,,
113,am,2020-01-06 9:11,4,0,4,4,3,,,,,,,,,,,,,
113,am,2020-01-07 8:54,4,0,4,3,4,,,,,,,,,,,,,
113,am,2020-01-08 9:11,3,1,4,3,3,,,,,,,,,,,,,
113,am,2020-01-09 9:36,4,0,4,3,3,,,,,,,,,,,,,
113,am,2020-01-10 8:41,4,0,4,3,3,,,,,,,,,,,,,
113,am,2020-01-11 9:08,3,0,4,3,4,,,,,,,,,,,,,
113,am,2020-01-12 9:19,3,1,4,3,3,,,,,,,,,,,,,
113,am,2020-01-14 9:03,3,1,4,3,4,,,,,,,,,,,,,
113,am,2020-01-15 9:26,4,0,4,4,4,,,,,,,,,,,,,
113,am,2020-01-16 9:03,4,0,4,4,4,,,,,,,,,,,,,
113,am,2020-01-17 9:35,4,0,4,4,4,,,,,,,,,,,,,
113,am,2020-01-18 9:51,4,0,4,3,3,,,,,,,,,,,,,
113,am,2020-01-19 10:10,4,0,4,3,3,,,,,,,,,,,,,
113,pm,2020-01-02 23:19,,,,,,4,4,2,2,3,3,4,,,,,,
113,pm,2020-01-03 23:29,,,,,,3,4,2,2,2,3,4,,,,,,
113,pm,2020-01-05 23:31,,,,,,4,5,2,2,3,2,4,,,,,,
113,pm,2020-01-06 23:44,,,,,,5,5,2,2,2,3,4,,,,,,
113,pm,2020-01-07 23:44,,,,,,4,5,2,2,3,2,4,,,,,,
113,pm,2020-01-08 23:52,,,,,,4,5,2,2,2,2,4,,,,,,
113,pm,2020-01-09 23:36,,,,,,3,5,2,2,3,2,4,,,,,,
113,pm,2020-01-10 23:38,,,,,,4,5,2,2,2,3,4,,,,,,
113,pm,2020-01-11 23:42,,,,,,4,5,2,2,3,3,4,,,,,,
113,pm,2020-01-12 23:35,,,,,,3,3,2,2,3,3,4,,,,,,
113,pm,2020-01-13 23:25,,,,,,3,4,2,2,3,3,4,,,,,,
113,pm,2020-01-14 23:23,,,,,,4,3,2,2,3,3,2,,,,,,
113,pm,2020-01-15 23:29,,,,,,4,3,2,2,3,3,4,,,,,,
113,pm,2020-01-16 23:21,,,,,,3,3,2,2,3,3,4,,,,,,
113,pm,2020-01-17 23:52,,,,,,4,5,2,2,3,2,4,,,,,,
113,pm,2020-01-18 23:42,,,,,,4,4,2,2,3,3,4,,,,,,
113,pm,2020-01-19 23:31,,,,,,3,3,2,2,2,3,1,,,,,,
108,am,2019-12-10 8:21,3,6,2,2,2,,,,,,,,,,,,,
108,am,2019-12-11 9:13,3,6,4,3,3,,,,,,,,,,,,,
108,am,2019-12-12 11:11,4,6,4,4,2,,,,,,,,,,,,,
108,am,2019-12-13 11:23,2,0,4,1,2,,,,,,,,,,,,,
108,am,2019-12-14 12:09,2,6,4,2,4,,,,,,,,,,,,,
108,am,2019-12-15 11:39,3,5,4,3,4,,,,,,,,,,,,,
108,am,2019-12-16 11:15,2,0,2,1,2,,,,,,,,,,,,,
108,am,2019-12-17 14:01,3,0,4,2,2,,,,,,,,,,,,,
108,am,2019-12-18 12:43,4,0,2,4,3,,,,,,,,,,,,,
108,am,2019-12-19 11:40,3,5,4,2,3,,,,,,,,,,,,,
108,am,2019-12-20 8:43,2,1,4,2,2,,,,,,,,,,,,,
108,am,2019-12-21 8:43,3,5,2,2,3,,,,,,,,,,,,,
108,am,2019-12-22 11:49,2,7,1,2,2,,,,,,,,,,,,,
108,am,2019-12-23 9:06,3,6,4,2,3,,,,,,,,,,,,,
108,am,2019-12-24 8:36,2,0,4,2,2,,,,,,,,,,,,,
108,pm,2019-12-09 23:36,,,,,,2,3,1,2,3,3,2,,,coffee,1,beer,1
108,pm,2019-12-10 21:44,,,,,,2,1,1,1,2,3,4,,,coffee,1,,
108,pm,2019-12-11 22:19,,,,,,2,4,2,3,1,2,4,,,,,,
108,pm,2019-12-12 23:39,,,,,,4,4,2,4,2,4,2,,,coffee,1,,
108,pm,2019-12-13 23:28,,,,,,3,4,2,4,3,3,4,,,coffee,1,,
108,pm,2019-12-14 23:37,,,,,,3,2,1,4,2,2,4,coffee,1,,,,
108,pm,2019-12-15 23:44,,,,,,3,2,1,4,3,3,4,,,coffee,1,,
108,pm,2019-12-16 23:30,,,,,,4,4,2,4,3,4,2,,,coffee,1,,
108,pm,2019-12-17 23:39,,,,,,3,4,2,4,2,2,4,,,coffee,1,,
108,pm,2019-12-18 23:41,,,,,,3,5,2,4,3,2,3,,,coffee,2,,
108,pm,2019-12-19 23:40,,,,,,1,1,2,4,3,2,1,,,coffee,1,,
108,pm,2019-12-20 23:06,,,,,,5,5,2,4,1,3,4,,,coffee,1,,
108,pm,2019-12-21 23:12,,,,,,5,5,2,4,3,3,4,,,coffee,1,,
108,pm,2019-12-22 23:34,,,,,,4,5,2,4,3,2,2,,,coffee,1,,
108,pm,2019-12-23 23:46,,,,,,4,2,2,4,3,3,4,,,coffee,1,,
119,am,2020-01-22 8:29,5,0,4,4,4,,,,,,,,,,,,,
119,am,2020-01-23 8:23,4,0,4,4,4,,,,,,,,,,,,,
119,am,2020-01-24 7:11,3,3,4,4,4,,,,,,,,,,,,,
119,am,2020-01-25 8:23,4,0,4,4,4,,,,,,,,,,,,,
119,am,2020-01-26 7:37,4,0,4,4,4,,,,,,,,,,,,,
119,am,2020-01-27 7:39,4,0,4,5,5,,,,,,,,,,,,,
119,am,2020-01-28 7:45,4,0,4,4,4,,,,,,,,,,,,,
119,am,2020-01-29 8:00,4,0,4,4,4,,,,,,,,,,,,,
119,am,2020-01-30 7:36,4,0,4,5,5,,,,,,,,,,,,,
119,am,2020-01-31 7:29,5,0,4,5,4,,,,,,,,,,,,,
119,am,2020-02-01 7:40,4,0,4,5,4,,,,,,,,,,,,,
119,am,2020-02-02 7:28,4,0,4,4,4,,,,,,,,,,,,,
119,am,2020-02-03 8:21,4,0,4,5,4,,,,,,,,,,,,,
119,am,2020-02-04 5:13,2,2,4,4,2,,,,,,,,,,,,,
119,am,2020-02-05 8:00,4,0,4,4,4,,,,,,,,,,,,,
119,pm,2020-01-22 21:08,,,,,,4,4,2,3,3,3,4,,,,,,
119,pm,2020-01-23 21:11,,,,,,5,5,2,3,3,3,3,coffee,1,,,,
119,pm,2020-01-24 20:55,,,,,,4,4,2,3,3,3,3,,,,,,
119,pm,2020-01-25 21:44,,,,,,4,4,2,3,3,3,4,,,,,,
119,pm,2020-01-26 20:56,,,,,,5,4,2,3,3,3,4,,,,,,
119,pm,2020-01-27 21:57,,,,,,5,4,2,3,3,3,4,,,,,,
119,pm,2020-01-28 21:19,,,,,,3,4,2,3,3,3,4,,,,,,
119,pm,2020-01-29 22:56,,,,,,4,4,2,3,3,3,4,,,,,,
119,pm,2020-01-31 22:01,,,,,,4,5,2,3,3,3,4,,,,,,
119,pm,2020-02-01 21:05,,,,,,4,4,2,3,3,3,4,,,,,,
119,pm,2020-02-02 20:00,,,,,,4,4,2,3,3,3,4,,,,,,
119,pm,2020-02-03 21:45,,,,,,4,4,2,3,3,3,4,,,,,,
119,pm,2020-02-04 20:55,,,,,,4,4,2,3,3,3,4,,,,,,
119,pm,2020-02-05 21:11,,,,,,5,3,2,3,3,3,4,,,,,,
111,am,2019-12-04 10:27,2,2,4,2,3,,,,,,,,,,,,,
111,am,2019-12-05 7:44,4,0,4,2,3,,,,,,,,,,,,,
111,am,2019-12-06 7:08,2,5,4,1,1,,,,,,,,,,,,,
111,am,2019-12-07 9:25,4,0,4,4,3,,,,,,,,,,,,,
111,am,2019-12-08 9:19,2,0,4,2,2,,,,,,,,,,,,,
111,am,2019-12-09 7:52,3,0,2,1,3,,,,,,,,,,,,,
111,am,2019-12-10 10:08,4,0,2,4,4,,,,,,,,,,,,,
111,am,2019-12-11 8:47,4,0,4,2,2,,,,,,,,,,,,,
111,am,2019-12-12 14:31,4,0,4,2,2,,,,,,,,,,,,,
111,am,2019-12-13 11:03,3,0,4,2,2,,,,,,,,,,,,,
111,am,2019-12-14 8:54,2,0,1,3,3,,,,,,,,,,,,,
111,am,2019-12-15 9:25,2,0,2,1,3,,,,,,,,,,,,,
111,am,2019-12-16 9:24,4,0,4,1,3,,,,,,,,,,,,,
111,am,2019-12-17 8:40,2,0,2,1,2,,,,,,,,,,,,,
111,am,2019-12-18 9:35,2,0,4,1,2,,,,,,,,,,,,,
111,am,2019-12-19 9:17,4,0,4,1,2,,,,,,,,,,,,,
111,am,2019-12-20 10:55,4,0,4,3,2,,,,,,,,,,,,,
111,pm,2019-12-05 23:31,,,,,,2,3,1,2,2,2,2,coffee,1,,,soju,2
111,pm,2019-12-06 23:11,,,,,,4,2,2,4,3,3,4,coffee,1,,,,
111,pm,2019-12-07 23:50,,,,,,4,2,2,4,3,3,4,coffee,1,,,soju&beer,2
111,pm,2019-12-08 23:45,,,,,,3,2,2,4,3,4,4,coffee,1,coffee,1,,
111,pm,2019-12-10 23:07,,,,,,3,1,2,4,3,3,4,coffee,1,,,,
111,pm,2019-12-11 23:17,,,,,,3,2,2,4,3,3,4,coffee,1,,,,
111,pm,2019-12-12 23:38,,,,,,2,2,2,4,3,3,4,coffee,1,,,,
111,pm,2019-12-13 23:19,,,,,,2,1,2,3,3,4,4,,,,,,
111,pm,2019-12-14 23:34,,,,,,3,2,2,4,3,3,4,coffee,1,,,,
111,pm,2019-12-16 23:49,,,,,,2,2,2,4,3,4,4,coffee,1,,,,
111,pm,2019-12-17 23:33,,,,,,2,2,2,3,4,3,4,coffee,1,,,,
111,pm,2019-12-18 23:34,,,,,,2,1,2,4,4,3,4,coffee,1,,,,
106,am,2020-01-29 7:18,5,0,4,5,3,,,,,,,,,,,,,
106,am,2020-01-31 7:47,5,0,4,5,4,,,,,,,,,,,,,
106,am,2020-02-01 10:50,5,0,4,4,4,,,,,,,,,,,,,
106,am,2020-02-02 12:52,5,0,4,5,4,,,,,,,,,,,,,
106,am,2020-02-03 6:37,5,0,4,4,5,,,,,,,,,,,,,
106,am,2020-02-04 6:45,5,0,4,5,5,,,,,,,,,,,,,
106,am,2020-02-07 8:00,5,0,4,5,5,,,,,,,,,,,,,
106,am,2020-02-08 8:49,5,0,4,5,5,,,,,,,,,,,,,
106,am,2020-02-09 15:06,5,0,4,4,5,,,,,,,,,,,,,
106,am,2020-02-10 7:48,5,0,4,5,5,,,,,,,,,,,,,
106,am,2020-02-11 11:30,5,0,4,5,5,,,,,,,,,,,,,
106,am,2020-02-15 7:55,4,2,4,4,4,,,,,,,,,,,,,
106,pm,2020-02-01 4:05,,,,,,5,4,2,3,3,3,4,,,,,,
106,pm,2020-02-02 4:12,,,,,,5,5,2,3,3,3,4,,,,,,
106,pm,2020-02-03 6:36,,,,,,5,5,1,3,3,3,4,,,,,soju,3
106,pm,2020-02-04 0:54,,,,,,5,5,2,3,3,3,4,,,,,,
106,pm,2020-02-07 1:19,,,,,,5,5,2,3,3,3,3,,,,,,
106,pm,2020-02-08 0:09,,,,,,5,5,2,3,3,3,4,,,,,,
106,pm,2020-02-09 0:20,,,,,,5,5,2,3,3,3,4,,,,,,
106,pm,2020-02-10 1:44,,,,,,5,5,2,3,3,3,4,,,,,,
106,pm,2020-02-15 2:09,,,,,,5,5,1,3,3,3,3,,,,,soju,2
106,pm,2020-02-16 1:40,,,,,,5,5,2,3,3,3,4,,,,,,
102,am,2019-12-09 11:09,3,1,4,3,3,,,,,,,,,,,,,
102,am,2019-12-10 10:08,3,2,4,3,3,,,,,,,,,,,,,
102,am,2019-12-11 10:14,3,1,2,4,3,,,,,,,,,,,,,
102,am,2019-12-12 9:50,2,1,2,3,3,,,,,,,,,,,,,
102,am,2019-12-13 11:02,4,1,4,3,4,,,,,,,,,,,,,
102,am,2019-12-14 7:19,3,2,4,3,4,,,,,,,,,,,,,
102,am,2019-12-15 9:10,4,2,4,2,2,,,,,,,,,,,,,
102,am,2019-12-16 9:20,2,2,2,2,3,,,,,,,,,,,,,
102,am,2019-12-17 11:27,4,0,2,4,4,,,,,,,,,,,,,
102,am,2019-12-18 11:21,4,7,1,3,3,,,,,,,,,,,,,
102,am,2019-12-19 9:09,4,1,4,4,4,,,,,,,,,,,,,
102,am,2019-12-20 11:49,4,0,2,3,4,,,,,,,,,,,,,
102,am,2019-12-21 10:30,4,1,4,4,4,,,,,,,,,,,,,
102,am,2019-12-22 10:02,4,1,4,3,3,,,,,,,,,,,,,
102,am,2019-12-23 9:47,4,1,2,4,3,,,,,,,,,,,,,
102,am,2019-12-24 9:15,4,0,4,4,4,,,,,,,,,,,,,
102,pm,2019-12-09 23:15,,,,,,4,4,2,4,3,3,4,,,,,,
102,pm,2019-12-10 22:43,,,,,,4,4,2,4,3,3,4,,,,,,
102,pm,2019-12-11 23:17,,,,,,4,4,2,4,3,3,4,,,coffee,1,,
102,pm,2019-12-12 23:29,,,,,,4,4,2,4,2,3,4,,,coffee,1,,
102,pm,2019-12-13 23:07,,,,,,4,4,2,3,3,3,4,,,,,,
102,pm,2019-12-14 21:13,,,,,,4,4,1,4,3,3,4,,,coffee,1,,
102,pm,2019-12-15 22:16,,,,,,4,5,1,3,3,3,3,,,,,,
102,pm,2019-12-16 21:57,,,,,,4,4,2,4,3,3,4,,,coffee,1,,
102,pm,2019-12-17 23:58,,,,,,4,4,2,4,3,3,4,,,,,,
102,pm,2019-12-18 23:24,,,,,,4,4,2,4,3,3,4,,,coffee,1,,
102,pm,2019-12-20 23:52,,,,,,4,4,2,4,3,3,3,,,,,,
102,pm,2019-12-21 22:38,,,,,,4,4,2,4,3,3,3,,,coffee,1,,
102,pm,2019-12-22 22:33,,,,,,4,4,2,4,3,3,4,,,coffee,1,,
102,pm,2019-12-23 23:46,,,,,,4,4,2,4,3,3,4,,,,,,
109,am,2019-12-06 8:10,2,0,4,4,5,,,,,,,,,,,,,
109,am,2019-12-07 7:59,4,5,4,4,4,,,,,,,,,,,,,
109,am,2019-12-08 8:02,3,0,4,2,3,,,,,,,,,,,,,
109,am,2019-12-09 7:59,4,9,2,3,3,,,,,,,,,,,,,
109,am,2019-12-14 11:47,4,0,4,3,4,,,,,,,,,,,,,
109,am,2019-12-15 9:43,2,5,4,2,2,,,,,,,,,,,,,
109,am,2019-12-16 8:06,2,5,4,2,2,,,,,,,,,,,,,
109,am,2019-12-17 9:13,4,0,4,4,4,,,,,,,,,,,,,
109,am,2019-12-18 10:34,4,0,4,2,2,,,,,,,,,,,,,
109,am,2019-12-20 11:02,5,9,4,5,5,,,,,,,,,,,,,
109,am,2019-12-21 7:44,4,0,4,4,4,,,,,,,,,,,,,
109,am,2019-12-22 6:05,3,0,4,4,4,,,,,,,,,,,,,
109,pm,2019-12-06 22:11,,,,,,4,4,1,4,3,3,4,,,coffee,1,,
109,pm,2019-12-07 22:09,,,,,,3,2,1,4,2,3,4,tea,1,coffee,1,,
109,pm,2019-12-08 21:20,,,,,,3,2,2,4,3,2,4,,,,,,
109,pm,2019-12-14 23:49,,,,,,4,3,1,4,3,4,3,tea,1,coffee,1,,
109,pm,2019-12-15 22:53,,,,,,2,1,2,4,2,2,4,,,coffee,1,,
109,pm,2019-12-16 20:45,,,,,,2,2,2,4,2,3,4,,,,,,
109,pm,2019-12-17 21:23,,,,,,2,1,2,4,4,3,4,,,,,,
109,pm,2019-12-18 23:00,,,,,,2,1,1,4,4,3,4,,,,,,
109,pm,2019-12-19 23:22,,,,,,5,4,2,4,1,2,4,,,,,,
109,pm,2019-12-20 23:08,,,,,,4,4,2,4,3,2,4,,,,,,
109,pm,2019-12-21 23:48,,,,,,4,4,2,4,3,4,4,,,,,,
109,pm,2019-12-22 18:13,,,,,,4,4,2,3,1,1,4,,,,,,
107,am,2019-12-27 7:04,2,5,4,2,3,,,,,,,,,,,,,
107,am,2019-12-28 10:19,3,4,4,2,3,,,,,,,,,,,,,
107,am,2019-12-29 11:28,5,4,4,2,4,,,,,,,,,,,,,
107,am,2019-12-30 7:37,4,0,2,2,3,,,,,,,,,,,,,
107,am,2019-12-31 7:01,4,4,4,2,3,,,,,,,,,,,,,
107,am,2020-01-01 13:27,4,4,4,2,3,,,,,,,,,,,,,
107,am,2020-01-02 7:02,4,4,4,2,4,,,,,,,,,,,,,
107,am,2020-01-03 7:54,4,0,2,4,4,,,,,,,,,,,,,
107,am,2020-01-04 10:11,4,4,4,4,4,,,,,,,,,,,,,
107,am,2020-01-05 11:02,4,4,3,3,4,,,,,,,,,,,,,
107,am,2020-01-06 8:36,4,0,3,4,4,,,,,,,,,,,,,
107,am,2020-01-07 7:26,5,0,4,5,5,,,,,,,,,,,,,
107,am,2020-01-08 8:03,3,5,4,3,3,,,,,,,,,,,,,
107,am,2020-01-11 10:14,2,4,2,2,5,,,,,,,,,,,,,
107,am,2020-01-12 13:11,2,4,3,2,4,,,,,,,,,,,,,
107,am,2020-01-13 6:59,4,0,2,4,4,,,,,,,,,,,,,
107,am,2020-01-14 7:26,5,0,4,4,2,,,,,,,,,,,,,
107,am,2020-01-15 7:21,4,0,2,4,4,,,,,,,,,,,,,
107,am,2020-01-16 8:37,4,5,4,2,2,,,,,,,,,,,,,
107,am,2020-01-17 6:41,2,0,2,1,3,,,,,,,,,,,,,
107,pm,2019-12-27 23:30,,,,,,4,3,2,4,3,3,4,coffee,2,coffee,1,beer,1
107,pm,2019-12-28 22:45,,,,,,4,4,1,4,3,3,3,,,coffee,1,beer,1
107,pm,2019-12-29 22:43,,,,,,3,3,2,4,3,3,4,,,coffee,1,,
107,pm,2019-12-31 22:12,,,,,,4,4,2,4,3,3,4,,,tea,1,,
107,pm,2020-01-02 22:15,,,,,,5,4,2,3,2,3,4,coffee,2,,,,
107,pm,2020-01-03 23:37,,,,,,3,2,2,3,3,3,4,,,,,,
107,pm,2020-01-04 23:17,,,,,,5,4,2,4,3,3,3,,,coffee,1,beer,1
107,pm,2020-01-05 23:41,,,,,,4,4,2,3,3,3,3,,,coffee,2,,
107,pm,2020-01-06 22:50,,,,,,5,5,2,3,3,3,3,,,,,,
107,pm,2020-01-07 22:27,,,,,,4,4,2,3,3,3,4,coffee,1,coffee,1,,
107,pm,2020-01-08 22:26,,,,,,2,4,2,3,3,3,4,,,,,,
107,pm,2020-01-11 22:57,,,,,,4,4,2,2,2,2,2,,,,,,
107,pm,2020-01-13 0:00,,,,,,4,4,2,2,2,2,4,,,,,,
107,pm,2020-01-14 23:56,,,,,,4,4,2,3,3,3,3,coffee,2,coffee,1,,
107,pm,2020-01-15 22:14,,,,,,4,4,2,3,2,3,4,,,coffee,1,,
107,pm,2020-01-16 23:27,,,,,,4,4,2,3,3,3,3,,,coffee,1,,
118,am,2020-01-25 8:37,4,0,2,4,4,,,,,,,,,,,,,
118,am,2020-01-25 10:35,4,0,2,4,4,,,,,,,,,,,,,
118,am,2020-01-27 10:47,4,0,2,4,4,,,,,,,,,,,,,
118,am,2020-01-28 5:05,3,2,4,3,2,,,,,,,,,,,,,
118,am,2020-01-29 8:10,4,0,4,4,3,,,,,,,,,,,,,
118,am,2020-01-30 9:21,4,0,4,4,4,,,,,,,,,,,,,
118,am,2020-01-31 8:32,3,0,2,1,2,,,,,,,,,,,,,
118,am,2020-02-01 9:13,4,0,4,3,3,,,,,,,,,,,,,
118,am,2020-02-02 9:13,3,0,4,3,3,,,,,,,,,,,,,
118,am,2020-02-03 8:09,4,0,4,4,3,,,,,,,,,,,,,
118,am,2020-02-04 10:35,4,0,2,3,3,,,,,,,,,,,,,
118,am,2020-02-05 5:06,4,0,4,4,4,,,,,,,,,,,,,
118,am,2020-02-06 6:54,4,0,2,3,3,,,,,,,,,,,,,
118,am,2020-02-09 8:59,4,0,2,3,3,,,,,,,,,,,,,
118,am,2020-02-10 6:31,3,9,2,3,2,,,,,,,,,,,,,
118,am,2020-02-11 7:02,2,9,4,2,1,,,,,,,,,,,,,
118,am,2020-02-12 6:35,2,9,4,3,3,,,,,,,,,,,,,
118,am,2020-02-13 7:02,4,0,4,4,3,,,,,,,,,,,,,
118,am,2020-02-14 6:39,4,0,2,4,3,,,,,,,,,,,,,
118,am,2020-02-15 10:11,2,0,4,2,3,,,,,,,,,,,,,
118,am,2020-02-16 6:37,4,0,4,4,3,,,,,,,,,,,,,
118,pm,2020-01-25 19:11,,,,,,4,3,2,3,3,3,3,,,,,soju,1
118,pm,2020-01-27 21:51,,,,,,4,3,2,3,3,3,4,,,coffee,2,,
118,pm,2020-01-28 23:15,,,,,,4,2,2,3,3,3,4,,,coffee,1,beer,1
118,pm,2020-01-30 21:17,,,,,,4,1,1,3,3,3,3,coffee,3,,,,
118,pm,2020-01-31 23:30,,,,,,3,3,2,3,3,3,3,coffee,3,,,soju,1
118,pm,2020-02-01 23:06,,,,,,4,4,2,3,3,3,4,,,coffee,1,,
118,pm,2020-02-02 21:07,,,,,,4,4,2,3,3,3,3,coffee,1,coffee,1,,
118,pm,2020-02-03 18:47,,,,,,3,3,2,3,3,3,4,,,,,,
118,pm,2020-02-04 22:44,,,,,,3,1,1,3,3,3,4,,,coffee,1,,
118,pm,2020-02-06 23:56,,,,,,3,2,2,3,3,3,3,coffee,3,coffee,2,,
118,pm,2020-02-09 23:06,,,,,,3,1,2,3,3,3,4,,,coffee,1,beer,1
118,pm,2020-02-10 22:44,,,,,,2,1,2,3,3,3,4,,,coffee,1,beer,1
118,pm,2020-02-11 23:15,,,,,,4,3,2,3,3,3,4,,,,,,
118,pm,2020-02-12 23:26,,,,,,3,2,2,3,3,3,4,coffee,1,coffee,1,,
118,pm,2020-02-13 21:35,,,,,,3,3,2,3,3,3,4,,,coffee,1,,
118,pm,2020-02-14 22:05,,,,,,4,3,2,3,3,3,4,,,,,beer,2
118,pm,2020-02-15 21:02,,,,,,3,3,2,3,3,3,4,,,,,beer,1
118,pm,2020-02-16 21:45,,,,,,3,3,2,3,3,3,4,,,coffee,1,,
112,am,2019-12-10 8:56,3,0,4,2,2,,,,,,,,,,,,,
112,am,2019-12-12 8:49,4,2,4,4,4,,,,,,,,,,,,,
112,am,2019-12-13 8:58,2,2,4,1,1,,,,,,,,,,,,,
112,am,2019-12-14 12:05,3,0,4,4,4,,,,,,,,,,,,,
112,am,2019-12-15 12:36,3,0,4,3,4,,,,,,,,,,,,,
112,am,2019-12-16 8:46,3,0,4,2,2,,,,,,,,,,,,,
112,am,2019-12-17 8:50,1,2,2,2,2,,,,,,,,,,,,,
112,am,2019-12-18 8:30,4,0,4,2,3,,,,,,,,,,,,,
112,am,2019-12-19 8:53,2,2,4,2,2,,,,,,,,,,,,,
112,am,2019-12-20 11:13,4,2,4,4,4,,,,,,,,,,,,,
112,am,2019-12-21 13:56,2,0,4,1,1,,,,,,,,,,,,,
112,am,2019-12-22 13:18,4,0,2,4,4,,,,,,,,,,,,,
112,am,2019-12-23 12:43,3,0,4,4,4,,,,,,,,,,,,,
112,am,2019-12-24 13:10,4,0,4,4,4,,,,,,,,,,,,,
112,am,2019-12-25 14:07,4,0,4,4,4,,,,,,,,,,,,,
112,am,2019-12-26 10:48,3,2,2,3,4,,,,,,,,,,,,,
112,pm,2019-12-11 0:00,,,,,,3,2,2,4,2,3,3,,,,,,
112,pm,2019-12-12 23:39,,,,,,3,2,2,4,3,3,2,,,,,,
112,pm,2019-12-14 0:37,,,,,,4,3,2,4,2,3,4,,,,,,
112,pm,2019-12-15 0:59,,,,,,4,4,2,4,3,3,4,,,,,,
112,pm,2019-12-16 0:09,,,,,,3,3,2,4,2,3,4,,,,,,
112,pm,2019-12-17 0:19,,,,,,4,4,2,4,2,3,2,,,,,,
112,pm,2019-12-19 0:31,,,,,,2,2,2,4,2,2,4,,,,,,
112,pm,2019-12-20 23:28,,,,,,3,3,2,4,2,2,4,,,,,,
112,pm,2019-12-22 0:16,,,,,,2,4,2,4,1,2,4,,,,,,
112,pm,2019-12-23 22:52,,,,,,4,4,2,4,2,3,4,,,,,,
112,pm,2019-12-24 23:07,,,,,,4,4,2,4,1,3,2,,,,,,
112,pm,2019-12-25 23:22,,,,,,4,4,2,4,2,3,1,,,,,,
116,am,2020-01-22 10:41,4,0,4,4,4,,,,,,,,,,,,,
116,am,2020-01-23 6:45,4,0,4,4,4,,,,,,,,,,,,,
116,am,2020-01-24 10:28,4,0,4,4,5,,,,,,,,,,,,,
116,am,2020-01-25 8:03,5,0,4,4,5,,,,,,,,,,,,,
116,am,2020-01-26 9:38,4,0,2,4,5,,,,,,,,,,,,,
116,am,2020-01-27 8:53,5,0,4,5,5,,,,,,,,,,,,,
116,am,2020-01-28 8:35,5,0,4,4,4,,,,,,,,,,,,,
116,am,2020-01-29 10:38,4,0,4,4,4,,,,,,,,,,,,,
116,am,2020-01-30 10:32,3,2,2,4,4,,,,,,,,,,,,,
116,am,2020-01-31 10:34,4,0,2,4,4,,,,,,,,,,,,,
116,am,2020-02-01 11:04,4,0,2,4,4,,,,,,,,,,,,,
116,am,2020-02-02 8:31,2,3,1,3,3,,,,,,,,,,,,,
116,am,2020-02-03 7:33,4,3,2,4,4,,,,,,,,,,,,,
116,am,2020-02-04 7:34,4,0,4,4,4,,,,,,,,,,,,,
116,am,2020-02-05 9:33,4,0,1,4,4,,,,,,,,,,,,,
116,pm,2020-01-21 23:43,,,,,,4,5,2,3,2,3,4,,,,,,
116,pm,2020-01-22 23:30,,,,,,4,5,2,3,4,3,3,,,,,,
116,pm,2020-01-23 20:01,,,,,,5,5,2,3,3,3,3,,,,,,
116,pm,2020-01-24 23:43,,,,,,5,5,2,3,3,3,3,,,,,,
116,pm,2020-01-25 20:44,,,,,,5,5,1,3,3,3,3,,,,,,
116,pm,2020-01-26 22:41,,,,,,5,5,2,3,3,3,3,,,,,,
116,pm,2020-01-27 22:02,,,,,,5,5,2,3,3,3,3,,,,,,
116,pm,2020-01-28 23:14,,,,,,5,4,2,3,3,3,3,,,,,,
116,pm,2020-01-29 23:18,,,,,,4,4,2,3,3,3,3,,,,,,
116,pm,2020-01-30 23:44,,,,,,5,5,2,3,3,3,3,,,,,,
116,pm,2020-01-31 23:17,,,,,,5,5,2,3,3,3,4,,,,,,
116,pm,2020-02-01 23:43,,,,,,5,5,2,4,3,3,2,,,,,,
116,pm,2020-02-02 23:12,,,,,,5,4,2,3,3,3,4,,,,,,
116,pm,2020-02-03 22:20,,,,,,4,4,2,3,3,3,4,,,,,,
116,pm,2020-02-04 22:28,,,,,,4,4,2,4,3,2,4,,,,,,
17,am,2018-10-31 8:55,4,0,4,4,4,,,,,,,,,,,,,
17,am,2018-11-01 8:52,3,3,1,2,2,,,,,,,,,,,,,
17,am,2018-11-02 9:12,4,0,4,3,4,,,,,,,,,,,,,
17,am,2018-11-03 17:35,4,0,4,4,4,,,,,,,,,,,,,
17,am,2018-11-05 7:37,4,0,4,3,3,,,,,,,,,,,,,
17,am,2018-11-06 9:20,4,5,4,3,3,,,,,,,,,,,,,
17,am,2018-11-07 9:50,3,5,4,3,3,,,,,,,,,,,,,
17,am,2018-11-09 9:34,2,8,4,2,2,,,,,,,,,,,,,
17,am,2018-11-12 9:27,2,1,4,2,2,,,,,,,,,,,,,
17,am,2018-11-13 9:09,5,5,2,5,5,,,,,,,,,,,,,
17,pm,2018-10-31 20:02,,,,,,3,3,2,4,2,3,4,,,,,,
17,pm,2018-11-01 20:03,,,,,,3,4,2,4,3,3,4,,,,,,
17,pm,2018-11-03 22:06,,,,,,4,3,2,4,3,3,4,,,,,,
17,pm,2018-11-05 19:41,,,,,,4,4,2,4,3,3,4,,,,,,
17,pm,2018-11-06 21:30,,,,,,3,3,2,4,3,3,4,,,,,wine,1
17,pm,2018-11-07 20:39,,,,,,4,3,2,4,3,3,4,,,,,,
17,pm,2018-11-13 20:53,,,,,,4,4,2,4,3,4,,,,,,,
24,am,2018-11-15 9:50,2,0,4,2,3,,,,,,,,,,,,,
24,am,2018-11-16 8:52,2,9,4,2,3,,,,,,,,,,,,,
24,am,2018-11-17 20:06,4,0,2,4,4,,,,,,,,,,,,,
24,am,2018-11-18 15:23,5,0,2,5,5,,,,,,,,,,,,,
24,am,2018-11-19 12:21,1,1,2,2,2,,,,,,,,,,,,,
24,am,2018-11-20 8:46,3,0,4,3,3,,,,,,,,,,,,,
24,am,2018-11-21 9:56,3,5,4,4,3,,,,,,,,,,,,,
24,am,2018-11-22 8:51,3,5,4,3,4,,,,,,,,,,,,,
24,am,2018-11-23 9:16,4,5,3,4,4,,,,,,,,,,,,,
24,am,2018-11-24 12:44,4,0,4,4,4,,,,,,,,,,,,,
24,am,2018-11-25 13:48,4,1,4,4,3,,,,,,,,,,,,,
24,am,2018-11-26 8:49,4,0,4,3,3,,,,,,,,,,,,,
24,am,2018-11-27 11:23,3,0,4,2,1,,,,,,,,,,,,,
24,am,2018-11-28 8:48,3,1,4,3,3,,,,,,,,,,,,,
24,pm,2018-11-17 23:23,,,,,,4,5,2,4,4,2,4,,,,,,
24,pm,2018-11-18 23:49,,,,,,4,3,2,4,2,3,4,,,,,,
24,pm,2018-11-19 23:11,,,,,,4,4,2,4,1,2,2,tea,3,,,,
24,pm,2018-11-20 23:15,,,,,,3,3,,4,3,2,4,tea,3,tea,2,,
24,pm,2018-11-21 23:13,,,,,,3,1,2,4,3,2,4,,,coffee,1,,
24,pm,2018-11-22 23:20,,,,,,4,4,,4,3,3,4,tea,2,tea,2,,
24,pm,2018-11-23 22:48,,,,,,5,4,2,4,2,1,4,tea,3,tea,3,,
24,pm,2018-11-24 23:55,,,,,,3,3,,4,4,4,3,,,,,,
24,pm,2018-11-25 23:57,,,,,,4,4,2,4,2,3,4,,,,,,
24,pm,2018-11-26 22:46,,,,,,4,4,2,4,3,2,4,tea,3,coffee,1,,
24,pm,2018-11-27 23:41,,,,,,4,5,2,4,1,2,3,coffee,1,,,soju,2
24,pm,2018-11-28 22:04,,,,,,4,4,,4,3,1,4,tea,2,tea,1,,
4,am,2018-10-30 16:54,1,3,2,4,1,,,,,,,,,,,,,
4,am,2018-10-31 10:15,1,7,1,1,1,,,,,,,,,,,,,
4,am,2018-11-01 8:02,1,7,1,1,1,,,,,,,,,,,,,
4,am,2018-11-02 7:33,1,7,1,1,1,,,,,,,,,,,,,
4,am,2018-11-03 11:16,2,2,1,1,1,,,,,,,,,,,,,
4,am,2018-11-05 7:29,2,2,1,1,1,,,,,,,,,,,,,
4,am,2018-11-06 7:36,2,4,1,1,2,,,,,,,,,,,,,
4,am,2018-11-07 8:45,2,4,1,1,1,,,,,,,,,,,,,
4,am,2018-11-08 8:01,2,4,4,2,2,,,,,,,,,,,,,
4,am,2018-11-09 7:48,2,4,4,1,2,,,,,,,,,,,,,
4,am,2018-11-10 11:45,3,4,4,2,2,,,,,,,,,,,,,
4,am,2018-11-11 11:03,2,4,4,2,3,,,,,,,,,,,,,
4,am,2018-11-12 9:56,2,4,4,2,3,,,,,,,,,,,,,
4,am,2018-11-13 10:34,2,4,4,1,2,,,,,,,,,,,,,
4,pm,2018-10-30 16:55,,,,,,1,2,2,3,3,3,3,,,,,,
4,pm,2018-10-31 22:12,,,,,,1,1,2,4,4,1,4,coffee,1,,,,
4,pm,2018-11-01 19:33,,,,,,1,1,2,4,4,3,4,coffee,2,,,,
4,pm,2018-11-02 20:28,,,,,,3,1,2,4,2,3,4,coffee,1,caffeinated drink,1,,
4,pm,2018-11-03 23:05,,,,,,3,1,1,2,3,2,3,coffee,2,coffee,1,soju,1
4,pm,2018-11-04 20:48,,,,,,1,1,1,4,4,3,3,coffee,2,coffee,1,,
4,pm,2018-11-05 19:31,,,,,,1,1,2,4,2,2,4,coffee,1,coffee,1,,
4,pm,2018-11-06 18:35,,,,,,2,1,2,3,1,1,4,coffee,1,coffee,1,,
4,pm,2018-11-07 19:28,,,,,,3,1,2,3,2,3,4,,,,,,
4,pm,2018-11-08 19:26,,,,,,3,2,2,4,2,1,4,,,coffee,1,,
4,pm,2018-11-09 20:31,,,,,,3,2,2,2,1,3,3,coffee,1,coffee,1,soju,1
4,pm,2018-11-10 21:18,,,,,,3,2,1,2,2,1,1,coffee,1,,,,
4,pm,2018-11-11 20:57,,,,,,2,1,1,3,4,3,1,coffee,1,,,,
4,pm,2018-11-12 20:45,,,,,,2,1,2,3,4,1,4,coffee,1,coffee,1,,
4,pm,2018-11-13 19:28,,,,,,2,2,2,3,2,2,4,,,coffee,1,,
25,am,2018-11-15 10:51,3,2,4,3,2,,,,,,,,,,,,,
25,am,2018-11-16 8:08,3,0,4,2,2,,,,,,,,,,,,,
25,am,2018-11-17 10:26,3,0,4,1,1,,,,,,,,,,,,,
25,am,2018-11-18 10:07,3,0,4,2,2,,,,,,,,,,,,,
25,am,2018-11-19 9:14,3,0,4,2,2,,,,,,,,,,,,,
25,am,2018-11-20 8:19,3,0,4,2,2,,,,,,,,,,,,,
25,am,2018-11-21 12:01,3,0,4,4,4,,,,,,,,,,,,,
25,am,2018-11-22 8:24,3,0,4,3,3,,,,,,,,,,,,,
25,am,2018-11-23 9:09,3,0,4,2,4,,,,,,,,,,,,,
25,am,2018-11-25 11:49,3,0,4,3,3,,,,,,,,,,,,,
25,am,2018-11-26 9:12,3,0,4,3,3,,,,,,,,,,,,,
25,am,2018-11-27 8:44,3,0,4,3,3,,,,,,,,,,,,,
25,am,2018-11-28 15:34,3,0,4,3,3,,,,,,,,,,,,,
25,pm,2018-11-15 23:22,,,,,,4,4,2,3,3,3,3,coffee,1,coffee,1,,
25,pm,2018-11-17 0:17,,,,,,4,4,2,3,3,3,,,,coffee,1,,
25,pm,2018-11-18 22:49,,,,,,2,2,2,3,2,3,,,,,,,
25,pm,2018-11-20 0:39,,,,,,3,2,2,3,3,3,,,,,,soju,1
25,pm,2018-11-22 23:22,,,,,,4,4,2,2,2,2,2,,,,,,
25,pm,2018-11-23 22:09,,,,,,3,3,2,2,2,2,2,,,,,,
25,pm,2018-11-24 23:39,,,,,,3,3,1,3,3,1,3,,,coffee,1,soju&beer,1
25,pm,2018-11-25 23:12,,,,,,3,3,2,2,2,2,2,,,,,,
25,pm,2018-11-26 22:02,,,,,,3,3,2,2,2,2,2,,,,,,
25,pm,2018-11-27 21:26,,,,,,3,3,2,2,2,2,2,,,,,,
25,pm,2018-11-28 22:34,,,,,,3,3,2,2,2,2,2,,,,,,
3,am,2018-10-31 10:26,2,0,4,2,2,,,,,,,,,,,,,
3,am,2018-11-01 11:58,2,2,4,2,3,,,,,,,,,,,,,
3,am,2018-11-02 10:48,3,0,4,2,3,,,,,,,,,,,,,
3,am,2018-11-06 9:59,3,0,4,3,3,,,,,,,,,,,,,
3,am,2018-11-07 9:50,2,7,1,1,2,,,,,,,,,,,,,
3,am,2018-11-08 11:50,3,2,2,2,3,,,,,,,,,,,,,
3,am,2018-11-09 10:15,2,2,4,2,3,,,,,,,,,,,,,
3,am,2018-11-10 12:22,3,2,2,3,3,,,,,,,,,,,,,
3,am,2018-11-11 11:44,4,0,4,3,3,,,,,,,,,,,,,
3,am,2018-11-12 8:20,2,5,4,2,3,,,,,,,,,,,,,
3,am,2018-11-13 11:03,3,0,4,3,3,,,,,,,,,,,,,
3,pm,2018-10-31 23:48,,,,,,3,1,2,4,2,2,4,,,coffee,1,,
3,pm,2018-11-01 23:36,,,,,,3,2,2,4,2,2,4,,,,,,
3,pm,2018-11-02 23:50,,,,,,3,1,2,4,1,4,3,,,,,,
3,pm,2018-11-06 22:03,,,,,,3,2,2,2,2,2,2,,,,,,
3,pm,2018-11-07 21:14,,,,,,2,1,2,4,1,2,,,,,,,
3,pm,2018-11-08 23:02,,,,,,3,3,2,4,2,3,4,,,,,,
3,pm,2018-11-09 22:37,,,,,,3,2,1,4,2,3,4,,,,,,
3,pm,2018-11-10 23:30,,,,,,3,2,2,4,2,2,4,,,,,,
3,pm,2018-11-11 21:57,,,,,,3,2,2,4,1,3,4,,,,,,
18,am,2018-11-16 12:01,3,0,4,4,3,,,,,,,,,,,,,
18,am,2018-11-17 21:14,2,5,4,2,2,,,,,,,,,,,,,
18,am,2018-11-18 13:02,3,5,4,2,2,,,,,,,,,,,,,
18,am,2018-11-19 9:51,3,5,4,2,3,,,,,,,,,,,,,
18,am,2018-11-20 11:14,4,9,4,4,4,,,,,,,,,,,,,
18,am,2018-11-21 13:15,4,5,2,2,3,,,,,,,,,,,,,
18,am,2018-11-22 8:27,3,0,4,2,3,,,,,,,,,,,,,
18,am,2018-11-23 11:04,2,0,4,2,3,,,,,,,,,,,,,
18,am,2018-11-24 15:02,3,0,4,2,2,,,,,,,,,,,,,
18,am,2018-11-25 10:43,3,5,4,2,2,,,,,,,,,,,,,
18,am,2018-11-27 11:39,4,0,4,3,3,,,,,,,,,,,,,
18,am,2018-11-28 8:38,4,0,4,4,3,,,,,,,,,,,,,
18,pm,2018-11-16 23:43,,,,,,3,3,2,3,3,4,4,,,,,,
18,pm,2018-11-17 21:14,,,,,,4,2,2,4,2,2,3,,,,,,
18,pm,2018-11-20 21:27,,,,,,4,2,2,4,2,3,4,,,,,,
18,pm,2018-11-23 22:18,,,,,,4,2,2,4,2,4,3,,,,,,
18,pm,2018-11-24 22:21,,,,,,4,2,2,4,2,3,3,,,,,,
18,pm,2018-11-25 22:39,,,,,,4,2,2,4,3,3,3,,,,,,
18,pm,2018-11-27 23:14,,,,,,4,4,2,4,3,3,4,,,,,,
18,pm,2018-11-28 20:51,,,,,,4,3,2,4,3,3,4,,,,,,
15,am,2018-10-31 11:05,3,0,4,2,3,,,,,,,,,,,,,
15,am,2018-11-01 9:26,2,2,4,2,2,,,,,,,,,,,,,
15,am,2018-11-02 9:32,3,8,4,2,2,,,,,,,,,,,,,
15,am,2018-11-03 10:44,2,0,4,1,1,,,,,,,,,,,,,
15,am,2018-11-04 11:00,1,7,1,2,1,,,,,,,,,,,,,
15,am,2018-11-05 11:05,2,0,4,2,3,,,,,,,,,,,,,
15,am,2018-11-06 10:56,2,9,4,2,2,,,,,,,,,,,,,
15,am,2018-11-07 9:56,2,2,4,2,3,,,,,,,,,,,,,
15,am,2018-11-08 11:13,2,2,4,1,3,,,,,,,,,,,,,
15,am,2018-11-09 10:14,2,2,4,2,2,,,,,,,,,,,,,
15,am,2018-11-10 10:03,2,2,4,2,2,,,,,,,,,,,,,
15,am,2018-11-11 10:45,3,9,4,2,3,,,,,,,,,,,,,
15,am,2018-11-12 9:16,2,7,1,2,2,,,,,,,,,,,,,
15,pm,2018-11-01 21:32,,,,,,3,1,2,4,1,2,4,coffee,2,coffee,2,,
15,pm,2018-11-02 22:19,,,,,,3,1,2,2,1,2,4,coffee,2,coffee,3,,
15,pm,2018-11-03 22:55,,,,,,3,1,2,4,2,3,4,coffee,2,coffee,3,beer,1
15,pm,2018-11-04 23:59,,,,,,2,2,2,1,2,2,,coffee,2,coffee,2,,
15,pm,2018-11-06 23:21,,,,,,3,3,2,1,2,2,,coffee,2,coffee,2,,
15,pm,2018-11-07 23:19,,,,,,3,2,2,2,1,2,,coffee,2,coffee,1,,
15,pm,2018-11-09 23:29,,,,,,3,3,2,1,2,2,,coffee,2,coffee,1,,
15,pm,2018-11-11 0:15,,,,,,3,3,2,2,1,2,,coffee,2,coffee,1,,
15,pm,2018-11-12 22:41,,,,,,3,3,2,1,2,3,,coffee,2,coffee,1,,
15,pm,2018-11-13 23:21,,,,,,3,3,2,4,1,2,,coffee,2,coffee,2,,
20,am,2018-11-15 10:43,4,0,4,3,3,,,,,,,,,,,,,
20,am,2018-11-16 10:24,2,1,4,2,2,,,,,,,,,,,,,
20,am,2018-11-17 23:12,2,2,2,2,1,,,,,,,,,,,,,
20,am,2018-11-18 12:07,1,0,2,2,2,,,,,,,,,,,,,
20,am,2018-11-19 12:15,5,0,3,4,3,,,,,,,,,,,,,
20,am,2018-11-20 10:57,3,0,2,3,3,,,,,,,,,,,,,
20,am,2018-11-22 9:20,2,2,2,2,2,,,,,,,,,,,,,
20,am,2018-11-23 10:18,5,3,3,4,4,,,,,,,,,,,,,
20,am,2018-11-24 14:47,4,3,2,4,4,,,,,,,,,,,,,
20,am,2018-11-27 10:02,2,1,2,2,3,,,,,,,,,,,,,
20,am,2018-11-28 10:12,4,1,2,3,4,,,,,,,,,,,,,
20,pm,2018-11-15 23:53,,,,,,3,3,2,4,2,2,2,coffee,3,,,,
20,pm,2018-11-17 23:13,,,,,,5,4,1,2,4,3,2,coffee,1,,,beer,3
20,pm,2018-11-20 2:17,,,,,,2,3,2,3,2,2,4,coffee,1,,,,
20,pm,2018-11-22 22:57,,,,,,4,4,2,3,2,2,4,coffee,1,coffee,1,,
20,pm,2018-11-24 23:24,,,,,,3,3,2,2,3,4,2,,,coffee,2,wine,1
20,pm,2018-11-25 23:28,,,,,,4,4,2,4,3,3,3,,,coffee,1,beer,1
20,pm,2018-11-26 23:37,,,,,,3,3,2,4,2,2,4,,,coffee,2,,
20,pm,2018-11-27 23:31,,,,,,4,4,2,2,2,2,2,coffee,1,coffee,1,,
20,pm,2018-11-28 22:12,,,,,,4,4,2,2,2,2,4,coffee,1,coffee,1,,
10,am,2018-10-31 9:31,3,5,2,3,3,,,,,,,,,,,,,
10,am,2018-11-01 9:28,3,1,4,3,3,,,,,,,,,,,,,
10,am,2018-11-02 8:59,1,5,4,3,3,,,,,,,,,,,,,
10,am,2018-11-04 12:41,4,9,4,4,3,,,,,,,,,,,,,
10,am,2018-11-05 22:37,2,9,2,3,3,,,,,,,,,,,,,
10,am,2018-11-06 8:43,1,0,2,3,3,,,,,,,,,,,,,
10,am,2018-11-07 8:42,1,2,2,2,1,,,,,,,,,,,,,
10,am,2018-11-10 8:53,3,0,4,2,2,,,,,,,,,,,,,
10,am,2018-11-11 9:45,1,1,2,2,2,,,,,,,,,,,,,
10,am,2018-11-13 8:57,2,1,2,2,2,,,,,,,,,,,,,
10,pm,2018-11-02 9:00,,,,,,3,3,2,2,2,2,,coffee,2,,,,
10,pm,2018-11-03 12:19,,,,,,3,3,2,2,2,2,2,,,,,,
10,pm,2018-11-05 22:37,,,,,,3,2,2,2,2,2,2,coffee,2,,,,
10,pm,2018-11-06 21:42,,,,,,3,3,2,2,2,2,,coffee,1,,,,
10,pm,2018-11-13 21:54,,,,,,3,1,2,2,2,2,,coffee,1,,,,
21,am,2018-11-15 9:30,2,0,4,2,3,,,,,,,,,,,,,
21,am,2018-11-16 7:12,4,0,4,4,4,,,,,,,,,,,,,
21,am,2018-11-17 8:01,4,0,4,2,2,,,,,,,,,,,,,
21,am,2018-11-18 7:14,4,0,4,2,3,,,,,,,,,,,,,
21,am,2018-11-19 11:31,4,0,4,4,4,,,,,,,,,,,,,
21,am,2018-11-20 8:02,5,0,4,2,4,,,,,,,,,,,,,
21,am,2018-11-22 11:12,4,0,4,4,5,,,,,,,,,,,,,
21,am,2018-11-23 7:22,4,0,4,2,3,,,,,,,,,,,,,
21,am,2018-11-24 8:31,5,0,4,2,4,,,,,,,,,,,,,
21,am,2018-11-25 6:25,2,0,4,1,3,,,,,,,,,,,,,
21,am,2018-11-26 11:40,4,0,4,3,4,,,,,,,,,,,,,
21,am,2018-11-27 7:05,4,0,4,3,4,,,,,,,,,,,,,
21,am,2018-11-28 9:05,2,2,4,3,4,,,,,,,,,,,,,
21,pm,2018-11-16 21:24,,,,,,4,3,1,1,2,4,4,coffee,1,,,,
21,pm,2018-11-18 21:35,,,,,,3,1,2,1,3,1,1,,,,,,
21,pm,2018-11-19 22:46,,,,,,5,2,2,4,3,3,4,,,,,,
21,pm,2018-11-20 21:34,,,,,,4,2,2,4,3,3,4,coffee,1,,,,
21,pm,2018-11-21 21:36,,,,,,4,2,2,4,3,3,4,,,,,,
21,pm,2018-11-24 22:14,,,,,,4,2,2,4,3,3,4,,,,,,
21,pm,2018-11-25 21:31,,,,,,3,5,2,3,1,3,,,,,,soju,1
21,pm,2018-11-26 23:31,,,,,,3,4,2,4,3,3,4,,,,,,
21,pm,2018-11-28 20:34,,,,,,4,4,2,4,2,4,4,,,coffee,1,,
11,am,2018-10-31 10:14,4,0,3,4,4,,,,,,,,,,,,,
11,am,2018-11-01 13:47,4,0,4,2,4,,,,,,,,,,,,,
11,am,2018-11-02 11:30,4,1,4,2,2,,,,,,,,,,,,,
11,am,2018-11-03 13:25,4,1,2,3,3,,,,,,,,,,,,,
11,am,2018-11-04 18:11,2,1,2,1,2,,,,,,,,,,,,,
11,am,2018-11-05 9:18,1,0,4,1,1,,,,,,,,,,,,,
11,am,2018-11-06 15:51,4,0,4,3,2,,,,,,,,,,,,,
11,am,2018-11-07 13:32,2,0,4,2,3,,,,,,,,,,,,,
11,am,2018-11-08 15:51,4,0,4,3,2,,,,,,,,,,,,,
11,am,2018-11-09 7:14,1,0,4,2,2,,,,,,,,,,,,,
11,am,2018-11-10 18:35,4,0,2,2,4,,,,,,,,,,,,,
11,am,2018-11-11 15:36,4,0,4,3,3,,,,,,,,,,,,,
11,am,2018-11-12 16:05,4,0,4,3,3,,,,,,,,,,,,,
11,am,2018-11-13 15:21,4,5,4,3,3,,,,,,,,,,,,,
11,pm,2018-11-01 21:50,,,,,,4,2,2,4,4,3,4,coffee,1,,,,
11,pm,2018-11-02 23:34,,,,,,3,2,2,4,3,3,3,,,,,,
11,pm,2018-11-03 23:55,,,,,,3,1,2,4,3,3,4,,,coffee,1,,
11,pm,2018-11-04 23:50,,,,,,2,2,2,4,3,3,4,,,,,,
11,pm,2018-11-05 23:24,,,,,,4,2,2,3,3,4,3,,,coffee,1,,
11,pm,2018-11-06 23:28,,,,,,3,2,2,4,4,3,4,,,coffee,1,,
11,pm,2018-11-07 23:28,,,,,,2,1,2,4,3,3,4,,,coffee,1,,
11,pm,2018-11-08 23:32,,,,,,3,1,2,4,4,3,4,,,coffee,1,,
11,pm,2018-11-09 23:23,,,,,,3,2,1,4,3,3,4,,,,,,
11,pm,2018-11-10 23:26,,,,,,3,3,1,4,4,3,4,,,,,,
11,pm,2018-11-11 23:42,,,,,,3,3,2,4,4,3,4,,,,,,
11,pm,2018-11-12 23:42,,,,,,3,4,2,4,4,2,4,,,,,,
11,pm,2018-11-13 23:52,,,,,,3,3,2,4,4,3,4,,,coffee,1,,
23,am,2018-11-15 10:25,3,0,2,4,3,,,,,,,,,,,,,
23,am,2018-11-16 8:23,3,0,4,3,3,,,,,,,,,,,,,
23,am,2018-11-17 10:27,4,0,4,2,4,,,,,,,,,,,,,
23,am,2018-11-18 8:32,2,0,4,2,2,,,,,,,,,,,,,
23,am,2018-11-19 8:29,3,7,2,2,3,,,,,,,,,,,,,
23,am,2018-11-20 12:11,2,0,4,1,2,,,,,,,,,,,,,
23,am,2018-11-21 8:28,5,0,2,4,4,,,,,,,,,,,,,
23,am,2018-11-22 8:25,3,0,4,3,3,,,,,,,,,,,,,
23,am,2018-11-23 8:33,2,0,4,2,2,,,,,,,,,,,,,
23,am,2018-11-24 11:39,5,0,4,4,5,,,,,,,,,,,,,
23,am,2018-11-25 11:50,4,0,4,4,4,,,,,,,,,,,,,
23,am,2018-11-26 8:34,3,0,4,2,3,,,,,,,,,,,,,
23,am,2018-11-27 8:19,2,0,4,2,3,,,,,,,,,,,,,
23,am,2018-11-28 13:57,2,0,4,2,2,,,,,,,,,,,,,
23,pm,2018-11-15 21:54,,,,,,4,2,2,2,3,3,,,,,,soju,1
23,pm,2018-11-16 21:37,,,,,,2,2,2,4,3,3,4,,,,,,
23,pm,2018-11-17 23:24,,,,,,3,5,2,4,2,3,3,,,,,,
23,pm,2018-11-18 22:49,,,,,,3,3,2,2,2,3,,,,,,,
23,pm,2018-11-19 20:50,,,,,,3,3,2,4,1,3,,,,,,,
23,pm,2018-11-20 19:58,,,,,,3,2,2,4,2,3,,,,,,,
23,pm,2018-11-23 20:30,,,,,,3,4,2,4,2,3,,,,,,,
23,pm,2018-11-24 23:55,,,,,,4,4,2,4,3,3,,,,,,,
23,pm,2018-11-25 21:07,,,,,,4,4,2,4,3,3,,,,,,soju,2
23,pm,2018-11-26 21:36,,,,,,4,4,2,4,3,3,,,,,,,
23,pm,2018-11-27 21:42,,,,,,4,4,2,,3,3,,,,,,,
23,pm,2018-11-28 21:17,,,,,,3,3,2,4,4,3,,,,,,,
13,am,2018-10-31 8:37,3,2,4,2,3,,,,,,,,,,,,,
13,am,2018-11-01 8:42,3,0,4,2,3,,,,,,,,,,,,,
13,am,2018-11-02 8:16,3,1,4,2,3,,,,,,,,,,,,,
13,am,2018-11-03 12:54,2,3,2,1,3,,,,,,,,,,,,,
13,am,2018-11-05 15:04,2,4,2,1,3,,,,,,,,,,,,,
13,am,2018-11-06 10:25,2,1,2,2,2,,,,,,,,,,,,,
13,am,2018-11-07 12:58,3,5,4,2,3,,,,,,,,,,,,,
13,am,2018-11-08 9:59,5,5,4,2,4,,,,,,,,,,,,,
13,am,2018-11-09 10:57,2,0,4,1,3,,,,,,,,,,,,,
13,am,2018-11-10 13:58,5,3,4,1,3,,,,,,,,,,,,,
13,am,2018-11-11 15:33,2,1,4,1,2,,,,,,,,,,,,,
13,am,2018-11-12 13:11,2,4,2,1,2,,,,,,,,,,,,,
13,pm,2018-10-31 23:00,,,,,,5,2,2,4,3,3,4,,,,,,
13,pm,2018-11-01 22:28,,,,,,5,4,2,4,3,3,4,,,,,,
13,pm,2018-11-02 21:41,,,,,,3,2,2,4,3,3,,,,,,,
13,pm,2018-11-03 23:25,,,,,,5,4,2,4,3,3,,,,,,,
13,pm,2018-11-05 22:44,,,,,,4,3,2,4,3,3,,,,,,,
13,pm,2018-11-06 21:16,,,,,,3,3,2,4,3,3,,,,,,,
13,pm,2018-11-07 23:54,,,,,,3,2,2,4,3,3,,,,,,,
13,pm,2018-11-09 10:57,,,,,,5,2,1,4,2,3,,,,,,,
13,pm,2018-11-10 23:32,,,,,,5,2,2,4,3,3,,,,,,,
13,pm,2018-11-11 22:29,,,,,,4,4,2,4,3,3,,,,,,,
13,pm,2018-11-12 23:15,,,,,,3,1,1,4,3,3,3,,,,,,
1,am,2018-11-15 10:57,3,0,4,2,2,,,,,,,,,,,,,
1,am,2018-11-16 8:50,4,0,4,2,2,,,,,,,,,,,,,
1,am,2018-11-17 11:48,3,3,2,4,5,,,,,,,,,,,,,
1,am,2018-11-18 11:36,3,0,4,3,4,,,,,,,,,,,,,
1,am,2018-11-19 7:49,4,6,4,2,2,,,,,,,,,,,,,
1,am,2018-11-20 9:12,3,0,4,1,5,,,,,,,,,,,,,
1,am,2018-11-21 10:44,4,5,4,3,2,,,,,,,,,,,,,
1,am,2018-11-22 9:09,4,0,4,1,2,,,,,,,,,,,,,
1,am,2018-11-23 8:18,5,0,4,1,2,,,,,,,,,,,,,
1,am,2018-11-24 7:30,5,0,4,1,2,,,,,,,,,,,,,
1,am,2018-11-27 8:44,4,0,4,3,3,,,,,,,,,,,,,
1,am,2018-11-28 8:35,1,0,4,1,1,,,,,,,,,,,,,
1,pm,2018-11-16 0:32,,,,,,3,1,2,1,3,3,4,,,,,,
1,pm,2018-11-17 3:26,,,,,,5,4,2,1,3,3,,coffee,2,,,,
1,pm,2018-11-18 23:34,,,,,,3,2,2,2,3,3,4,,,coffee,1,,
1,pm,2018-11-19 22:10,,,,,,4,2,2,2,3,3,4,coffee,1,coffee,1,,
1,pm,2018-11-21 22:31,,,,,,3,2,2,1,3,3,2,,,,,,
1,pm,2018-11-22 23:35,,,,,,4,2,2,3,3,3,4,coffee,3,coffee,1,,
1,pm,2018-11-23 23:46,,,,,,3,1,1,3,3,3,4,,,,,,
1,pm,2018-11-24 22:31,,,,,,4,3,1,1,3,3,3,,,coffee,1,soju,1
1,pm,2018-11-27 21:26,,,,,,4,3,2,3,3,3,3,,,,,,
1,pm,2018-11-28 21:38,,,,,,4,3,2,3,3,3,4,,,,,,
12,am,2018-10-31 10:14,4,0,4,3,3,,,,,,,,,,,,,
12,am,2018-11-01 8:06,5,0,4,4,4,,,,,,,,,,,,,
12,am,2018-11-02 7:54,4,0,4,3,3,,,,,,,,,,,,,
12,am,2018-11-03 9:46,4,0,2,2,4,,,,,,,,,,,,,
12,am,2018-11-06 7:54,4,8,4,4,4,,,,,,,,,,,,,
12,am,2018-11-07 7:24,4,0,4,3,4,,,,,,,,,,,,,
12,am,2018-11-08 8:22,4,0,4,2,4,,,,,,,,,,,,,
12,am,2018-11-09 8:27,4,0,4,2,3,,,,,,,,,,,,,
12,am,2018-11-12 10:30,4,0,2,3,4,,,,,,,,,,,,,
12,am,2018-11-13 7:20,4,9,4,3,3,,,,,,,,,,,,,
12,pm,2018-10-31 23:02,,,,,,5,5,,4,3,4,4,coffee,1,coffee,1,,
12,pm,2018-11-01 21:19,,,,,,4,5,,4,2,4,4,,,coffee,1,,
12,pm,2018-11-03 20:39,,,,,,3,5,,4,3,2,2,,,coffee,1,,
12,pm,2018-11-05 18:10,,,,,,4,5,,4,3,4,4,,,coffee,1,,
12,pm,2018-11-06 22:23,,,,,,5,5,,4,3,4,3,,,coffee,1,,
12,pm,2018-11-07 20:57,,,,,,4,5,,4,2,2,4,,,coffee,1,,
12,pm,2018-11-08 21:13,,,,,,4,5,,4,3,4,4,coffee,1,coffee,1,,
12,pm,2018-11-09 20:14,,,,,,5,5,,4,2,4,2,coffee,1,coffee,1,beer,3
30,am,2018-11-15 9:26,2,1,4,2,2,,,,,,,,,,,,,
30,am,2018-11-16 10:13,3,0,4,3,2,,,,,,,,,,,,,
30,am,2018-11-17 8:25,3,2,4,2,2,,,,,,,,,,,,,
30,am,2018-11-18 9:03,3,0,4,3,3,,,,,,,,,,,,,
30,am,2018-11-19 22:25,4,0,4,4,4,,,,,,,,,,,,,
30,am,2018-11-21 9:32,2,0,4,2,3,,,,,,,,,,,,,
30,am,2018-11-22 12:59,4,0,4,4,4,,,,,,,,,,,,,
30,am,2018-11-23 10:24,3,0,4,2,3,,,,,,,,,,,,,
30,am,2018-11-24 12:10,3,0,4,3,3,,,,,,,,,,,,,
30,am,2018-11-25 13:54,2,1,4,2,2,,,,,,,,,,,,,
30,am,2018-11-26 9:54,3,1,4,2,3,,,,,,,,,,,,,
30,am,2018-11-28 9:11,2,0,4,2,2,,,,,,,,,,,,,
30,pm,2018-11-15 23:23,,,,,,3,2,2,4,1,3,4,,,coffee,1,,
30,pm,2018-11-16 22:26,,,,,,3,2,1,3,3,1,1,,,,,,
30,pm,2018-11-17 21:26,,,,,,4,3,1,3,3,2,4,,,,,,
30,pm,2018-11-18 22:55,,,,,,4,4,1,3,3,3,4,,,,,,
30,pm,2018-11-19 22:44,,,,,,3,3,1,3,3,1,4,,,,,,
30,pm,2018-11-20 22:49,,,,,,3,3,2,3,3,3,4,,,,,,
30,pm,2018-11-22 22:17,,,,,,3,3,2,3,3,3,4,,,,,,
30,pm,2018-11-23 23:31,,,,,,3,2,1,2,2,3,4,,,,,,
30,pm,2018-11-24 22:45,,,,,,3,2,1,4,1,3,,,,,,,
30,pm,2018-11-25 22:44,,,,,,3,3,1,3,3,2,4,coffee,1,,,,
30,pm,2018-11-26 23:14,,,,,,3,3,2,3,3,3,4,,,coffee,1,,
30,pm,2018-11-27 23:36,,,,,,3,1,2,2,3,3,,,,,,,
30,pm,2018-11-28 20:26,,,,,,4,4,1,4,3,3,4,,,,,,
7,am,2018-10-31 7:41,4,0,2,3,3,,,,,,,,,,,,,
7,am,2018-11-01 7:24,3,1,2,4,4,,,,,,,,,,,,,
7,am,2018-11-02 7:32,4,2,2,3,4,,,,,,,,,,,,,
7,am,2018-11-03 7:53,4,0,2,4,3,,,,,,,,,,,,,
7,am,2018-11-04 7:36,3,2,2,3,2,,,,,,,,,,,,,
7,am,2018-11-05 7:43,2,1,2,2,3,,,,,,,,,,,,,
7,am,2018-11-06 7:27,4,1,2,3,3,,,,,,,,,,,,,
7,am,2018-11-07 7:12,4,0,2,3,3,,,,,,,,,,,,,
7,am,2018-11-08 7:28,4,0,2,3,4,,,,,,,,,,,,,
7,am,2018-11-09 7:19,4,0,3,3,3,,,,,,,,,,,,,
7,am,2018-11-10 9:48,3,0,2,2,3,,,,,,,,,,,,,
7,am,2018-11-11 9:10,4,2,2,3,4,,,,,,,,,,,,,
7,am,2018-11-13 7:22,3,1,2,3,3,,,,,,,,,,,,,
7,pm,2018-10-31 19:26,,,,,,4,3,2,4,2,2,4,coffee,1,coffee,1,,
7,pm,2018-11-01 19:23,,,,,,3,2,2,4,3,3,4,coffee,1,coffee,1,,
7,pm,2018-11-02 19:46,,,,,,3,1,2,4,3,3,4,coffee,1,coffee,2,,
7,pm,2018-11-03 20:42,,,,,,4,4,2,3,3,3,4,,,coffee,1,beer,1
7,pm,2018-11-04 19:31,,,,,,4,4,2,4,3,3,4,coffee,1,coffee,1,,
7,pm,2018-11-05 19:58,,,,,,2,2,2,4,2,3,4,,,coffee,1,,
7,pm,2018-11-06 20:01,,,,,,3,2,2,4,2,3,4,,,coffee,1,,
7,pm,2018-11-07 19:56,,,,,,3,2,2,4,2,2,4,coffee,1,coffee,1,,
7,pm,2018-11-08 20:44,,,,,,3,2,2,4,3,2,4,coffee,1,coffee,2,,
7,pm,2018-11-09 19:21,,,,,,3,3,2,4,3,4,4,coffee,1,coffee,1,,
7,pm,2018-11-10 21:57,,,,,,3,4,2,4,3,3,4,,,,,,
7,pm,2018-11-11 21:10,,,,,,4,4,2,4,3,3,3,,,coffee,1,,
7,pm,2018-11-12 19:33,,,,,,3,3,2,4,3,3,,,,coffee,1,,
7,pm,2018-11-13 19:41,,,,,,3,4,2,4,3,3,,,,coffee,1,,
29,am,2018-11-15 11:10,5,0,4,4,3,,,,,,,,,,,,,
29,am,2018-11-16 9:14,5,0,4,2,3,,,,,,,,,,,,,
29,am,2018-11-17 15:19,4,9,3,1,2,,,,,,,,,,,,,
29,am,2018-11-18 8:34,3,9,4,2,2,,,,,,,,,,,,,
29,am,2018-11-21 9:58,2,5,4,1,1,,,,,,,,,,,,,
29,am,2018-11-24 22:36,5,0,2,2,2,,,,,,,,,,,,,
29,am,2018-11-25 12:12,2,9,4,2,4,,,,,,,,,,,,,
29,am,2018-11-26 22:14,2,9,4,2,4,,,,,,,,,,,,,
29,am,2018-11-27 15:13,4,5,3,2,3,,,,,,,,,,,,,
29,pm,2018-11-16 21:40,,,,,,3,1,2,4,3,4,4,,,coffee,1,,
29,pm,2018-11-17 23:23,,,,,,3,1,2,4,4,3,4,,,coffee,1,,
29,pm,2018-11-18 22:25,,,,,,3,1,2,3,3,3,4,coffee,1,coffee,2,,
29,pm,2018-11-19 21:35,,,,,,3,1,2,3,3,3,,coffee,1,,,,
29,pm,2018-11-20 23:29,,,,,,2,1,2,3,2,4,4,,,coffee,1,,
29,pm,2018-11-21 23:03,,,,,,2,1,2,4,2,3,4,,,,,,
29,pm,2018-11-22 23:19,,,,,,3,1,2,4,4,2,3,,,coffee,1,,
29,pm,2018-11-23 21:25,,,,,,3,2,2,4,2,4,4,,,,,,
29,pm,2018-11-25 22:32,,,,,,3,3,2,4,3,2,4,coffee,1,,,,
29,pm,2018-11-26 23:15,,,,,,4,3,2,3,2,2,4,coffee,1,coffee,1,,
29,pm,2018-11-28 21:15,,,,,,3,4,2,4,4,3,4,,,coffee,1,,
5,am,2018-10-30 18:12,1,1,1,1,1,,,,,,,,,,,,,
5,am,2018-10-31 8:17,4,3,4,4,3,,,,,,,,,,,,,
5,am,2018-11-01 7:20,4,0,4,2,3,,,,,,,,,,,,,
5,am,2018-11-02 6:44,3,0,4,2,3,,,,,,,,,,,,,
5,am,2018-11-03 7:20,4,0,4,4,3,,,,,,,,,,,,,
5,am,2018-11-04 7:08,3,0,4,2,2,,,,,,,,,,,,,
5,am,2018-11-05 7:48,4,0,4,4,2,,,,,,,,,,,,,
5,am,2018-11-07 7:38,3,3,4,2,2,,,,,,,,,,,,,
5,am,2018-11-08 8:30,2,2,1,2,1,,,,,,,,,,,,,
5,am,2018-11-09 8:21,4,0,4,4,4,,,,,,,,,,,,,
5,am,2018-11-10 7:28,4,3,4,4,3,,,,,,,,,,,,,
5,am,2018-11-11 8:23,3,3,1,3,3,,,,,,,,,,,,,
5,am,2018-11-12 7:27,2,3,4,2,2,,,,,,,,,,,,,
5,am,2018-11-13 7:41,4,3,4,2,3,,,,,,,,,,,,,
5,pm,2018-10-30 18:17,,,,,,4,2,2,2,2,2,2,,,coffee,1,,
5,pm,2018-10-31 21:04,,,,,,2,1,1,3,4,4,4,coffee,1,,,,
5,pm,2018-11-01 21:14,,,,,,4,4,2,3,2,3,4,,,coffee,1,,
5,pm,2018-11-02 21:20,,,,,,4,3,2,3,2,3,4,coffee,1,,,,
5,pm,2018-11-03 20:28,,,,,,3,1,2,2,3,4,4,coffee,1,coffee,1,,
5,pm,2018-11-04 20:53,,,,,,4,2,2,3,1,4,3,coffee,1,coffee,2,,
5,pm,2018-11-05 20:33,,,,,,3,1,2,2,3,4,4,coffee,1,coffee,2,,
5,pm,2018-11-06 20:37,,,,,,4,2,2,3,1,4,3,coffee,1,coffee,2,,
5,pm,2018-11-07 20:26,,,,,,4,3,2,3,3,1,4,coffee,1,coffee,1,,
5,pm,2018-11-08 20:42,,,,,,3,4,2,3,3,2,3,,,coffee,1,,
5,pm,2018-11-09 21:10,,,,,,4,3,2,3,1,3,4,,,coffee,1,,
5,pm,2018-11-10 20:43,,,,,,4,4,2,3,1,4,3,,,coffee,1,beer,1
5,pm,2018-11-11 20:40,,,,,,4,3,2,3,3,4,2,,,coffee,1,,
5,pm,2018-11-12 22:11,,,,,,2,1,2,3,1,4,4,coffee,1,coffee,1,,
5,pm,2018-11-13 19:50,,,,,,4,4,2,3,1,3,4,coffee,1,,,,
22,am,2018-11-15 9:18,4,3,4,4,3,,,,,,,,,,,,,
22,am,2018-11-16 9:14,3,5,4,3,4,,,,,,,,,,,,,
22,am,2018-11-17 7:35,3,2,4,3,3,,,,,,,,,,,,,
22,am,2018-11-18 9:40,3,3,4,2,3,,,,,,,,,,,,,
22,am,2018-11-20 9:07,2,9,4,2,3,,,,,,,,,,,,,
22,am,2018-11-21 9:17,3,2,4,3,3,,,,,,,,,,,,,
22,am,2018-11-22 8:59,3,2,4,3,3,,,,,,,,,,,,,
22,am,2018-11-23 8:29,2,5,4,1,1,,,,,,,,,,,,,
22,am,2018-11-24 9:29,4,0,4,4,4,,,,,,,,,,,,,
22,am,2018-11-25 9:29,3,0,4,3,3,,,,,,,,,,,,,
22,am,2018-11-26 9:22,3,0,4,3,3,,,,,,,,,,,,,
22,am,2018-11-27 7:16,3,1,4,3,3,,,,,,,,,,,,,
22,am,2018-11-28 9:05,3,1,4,3,3,,,,,,,,,,,,,
22,pm,2018-11-15 21:49,,,,,,3,2,2,2,2,2,4,,,,,,
22,pm,2018-11-16 21:42,,,,,,3,2,2,2,2,2,4,,,,,,
22,pm,2018-11-17 22:02,,,,,,3,1,1,2,2,2,4,,,,,,
22,pm,2018-11-18 20:36,,,,,,3,3,2,2,2,2,,,,,,,
22,pm,2018-11-19 22:13,,,,,,2,3,2,2,2,2,,,,,,,
22,pm,2018-11-20 21:57,,,,,,3,3,2,2,2,2,,,,,,,
22,pm,2018-11-21 21:59,,,,,,3,3,2,2,2,2,,,,coffee,1,,
22,pm,2018-11-22 21:24,,,,,,2,1,2,2,2,1,,,,,,,
22,pm,2018-11-23 21:07,,,,,,3,2,2,2,4,2,,,,,,,
22,pm,2018-11-24 22:09,,,,,,3,2,2,2,2,2,,,,,,,
22,pm,2018-11-25 21:48,,,,,,3,3,2,2,2,2,,,,,,,
22,pm,2018-11-26 21:42,,,,,,3,3,2,2,2,2,,,,,,,
22,pm,2018-11-27 21:23,,,,,,3,3,2,2,2,2,,,,,,,
22,pm,2018-11-28 22:14,,,,,,3,3,2,2,2,2,,,,,,,
6,am,2018-10-31 7:02,3,9,2,3,3,,,,,,,,,,,,,
6,am,2018-11-01 8:19,4,2,2,2,3,,,,,,,,,,,,,
6,am,2018-11-02 6:46,4,9,2,3,3,,,,,,,,,,,,,
6,am,2018-11-03 7:42,3,9,2,3,3,,,,,,,,,,,,,
6,am,2018-11-04 7:21,3,9,2,3,3,,,,,,,,,,,,,
6,am,2018-11-05 6:59,3,0,2,3,3,,,,,,,,,,,,,
6,am,2018-11-06 8:57,3,9,2,3,3,,,,,,,,,,,,,
6,am,2018-11-07 8:05,4,9,2,3,3,,,,,,,,,,,,,
6,am,2018-11-09 11:21,2,9,2,2,2,,,,,,,,,,,,,
6,am,2018-11-10 9:34,3,9,2,3,3,,,,,,,,,,,,,
6,am,2018-11-11 9:07,3,9,2,3,3,,,,,,,,,,,,,
6,am,2018-11-13 9:02,3,9,2,3,3,,,,,,,,,,,,,
6,pm,2018-10-31 18:51,,,,,,3,3,2,2,2,2,2,,,,,,
6,pm,2018-11-04 7:20,,,,,,3,3,2,2,2,2,4,,,,,,
6,pm,2018-11-05 22:02,,,,,,3,4,2,2,2,4,4,,,,,,
6,pm,2018-11-06 22:40,,,,,,3,3,2,2,2,2,,,,,,,
6,pm,2018-11-09 23:23,,,,,,3,3,2,2,2,2,,,,,,,
6,pm,2018-11-11 23:43,,,,,,3,3,2,2,2,2,,,,,,,
6,pm,2018-11-12 23:02,,,,,,3,3,2,2,2,2,,,,,,,
27,am,2018-11-15 10:00,2,0,4,2,2,,,,,,,,,,,,,
27,am,2018-11-16 10:40,3,4,2,2,2,,,,,,,,,,,,,
27,am,2018-11-17 8:55,2,2,4,1,1,,,,,,,,,,,,,
27,am,2018-11-18 11:41,4,0,2,3,3,,,,,,,,,,,,,
27,am,2018-11-19 10:37,3,6,2,1,2,,,,,,,,,,,,,
27,am,2018-11-20 8:16,2,4,2,1,1,,,,,,,,,,,,,
27,am,2018-11-21 10:25,3,4,2,1,1,,,,,,,,,,,,,
27,am,2018-11-22 10:28,2,4,2,1,2,,,,,,,,,,,,,
27,am,2018-11-23 10:37,2,6,4,1,1,,,,,,,,,,,,,
27,am,2018-11-24 10:46,2,6,2,1,1,,,,,,,,,,,,,
27,am,2018-11-25 10:10,1,5,2,1,1,,,,,,,,,,,,,
27,am,2018-11-26 10:14,2,6,2,1,1,,,,,,,,,,,,,
27,am,2018-11-27 7:56,2,4,2,1,1,,,,,,,,,,,,,
27,am,2018-11-28 10:23,2,0,2,2,2,,,,,,,,,,,,,
27,pm,2018-11-15 22:33,,,,,,1,1,2,4,1,2,4,,,,,,
27,pm,2018-11-16 22:43,,,,,,1,1,2,4,2,1,4,,,,,,
27,pm,2018-11-17 22:34,,,,,,2,1,2,4,4,2,4,,,coffee,1,,
27,pm,2018-11-18 23:45,,,,,,1,1,2,4,4,3,4,,,coffee,1,,
27,pm,2018-11-19 22:44,,,,,,1,1,,4,2,3,4,,,coffee,2,,
27,pm,2018-11-20 22:34,,,,,,2,1,2,4,3,3,4,,,,,,
27,pm,2018-11-21 22:37,,,,,,1,1,,4,2,1,4,,,,,,
27,pm,2018-11-22 22:56,,,,,,2,1,,4,2,2,4,,,,,,
27,pm,2018-11-23 23:16,,,,,,1,1,1,4,2,2,4,,,,,,
27,pm,2018-11-24 23:00,,,,,,4,1,1,4,4,3,4,,,coffee,1,soju&beer,2
27,pm,2018-11-25 22:34,,,,,,2,1,2,4,4,3,4,,,coffee,1,,
27,pm,2018-11-26 22:20,,,,,,1,1,2,4,3,3,4,,,,,,
27,pm,2018-11-27 23:23,,,,,,3,1,2,4,3,2,4,,,coffee,1,,
27,pm,2018-11-28 22:30,,,,,,2,1,1,4,3,3,4,,,coffee,1,,
14,am,2018-10-31 9:40,2,8,4,3,3,,,,,,,,,,,,,
14,am,2018-11-01 9:24,3,0,4,4,3,,,,,,,,,,,,,
14,am,2018-11-02 8:01,2,2,4,1,1,,,,,,,,,,,,,
14,am,2018-11-03 13:44,4,0,4,4,4,,,,,,,,,,,,,
14,am,2018-11-04 13:54,1,6,4,1,2,,,,,,,,,,,,,
14,am,2018-11-05 8:22,2,0,4,1,1,,,,,,,,,,,,,
14,am,2018-11-06 6:24,1,9,4,1,1,,,,,,,,,,,,,
14,am,2018-11-08 5:57,1,9,4,1,2,,,,,,,,,,,,,
14,am,2018-11-09 5:53,2,2,4,1,1,,,,,,,,,,,,,
14,am,2018-11-10 14:03,5,0,4,3,3,,,,,,,,,,,,,
14,am,2018-11-11 14:45,4,6,4,5,3,,,,,,,,,,,,,
14,am,2018-11-12 8:59,4,4,4,3,3,,,,,,,,,,,,,
14,am,2018-11-13 23:12,3,9,4,3,3,,,,,,,,,,,,,
14,pm,2018-10-31 23:21,,,,,,2,1,2,4,2,2,3,coffee,2,,,,
14,pm,2018-11-01 21:38,,,,,,3,2,1,2,2,2,,coffee,1,,,,
14,pm,2018-11-02 22:08,,,,,,2,1,1,4,2,2,3,coffee,1,,,,
14,pm,2018-11-04 2:24,,,,,,2,1,1,4,2,3,4,coffee,1,,,,
14,pm,2018-11-06 0:36,,,,,,1,1,1,1,4,4,3,coffee,1,coffee,1,,
14,pm,2018-11-07 21:26,,,,,,2,1,1,3,3,3,3,coffee,1,,,,
14,pm,2018-11-09 21:20,,,,,,1,1,1,1,2,2,4,coffee,1,,,,
14,pm,2018-11-10 23:15,,,,,,5,2,1,3,4,3,3,,,,,,
14,pm,2018-11-11 23:36,,,,,,3,2,1,4,3,3,3,,,coffee,1,,
14,pm,2018-11-12 21:47,,,,,,3,2,1,4,2,2,4,coffee,1,coffee,1,,
14,pm,2018-11-13 23:13,,,,,,4,2,2,4,2,3,3,coffee,1,,,,
2,am,2018-11-15 10:39,3,0,4,2,2,,,,,,,,,,,,,
2,am,2018-11-17 9:10,3,5,4,3,3,,,,,,,,,,,,,
2,am,2018-11-19 21:23,3,0,4,3,3,,,,,,,,,,,,,
2,am,2018-11-25 23:52,2,2,4,2,2,,,,,,,,,,,,,
2,am,2018-11-27 19:43,1,0,4,2,4,,,,,,,,,,,,,
2,am,2018-11-28 18:58,2,1,4,2,3,,,,,,,,,,,,,
2,pm,2018-11-15 17:51,,,,,,3,3,1,3,1,2,4,,,coke,1,,
2,pm,2018-11-16 22:36,,,,,,2,1,1,4,2,3,3,,,,,beer,5
2,pm,2018-11-20 23:49,,,,,,2,2,1,1,1,1,,,,,,,
2,pm,2018-11-21 23:01,,,,,,2,2,2,2,2,3,,,,,,,
2,pm,2018-11-25 23:52,,,,,,3,3,2,2,2,2,,,,,,,
2,pm,2018-11-26 23:20,,,,,,4,3,,2,2,2,,,,,,,
2,pm,2018-11-27 19:43,,,,,,4,4,,2,2,2,,,,,,,
2,pm,2018-11-28 18:58,,,,,,2,1,2,2,2,2,,,,,,,
16,am,2018-10-31 18:35,1,5,4,2,3,,,,,,,,,,,,,
16,am,2018-11-01 12:06,4,2,2,3,4,,,,,,,,,,,,,
16,am,2018-11-02 12:48,4,1,4,2,1,,,,,,,,,,,,,
16,am,2018-11-07 12:15,3,0,2,2,2,,,,,,,,,,,,,
16,am,2018-11-08 10:05,3,0,4,2,2,,,,,,,,,,,,,
16,am,2018-11-12 12:40,2,1,4,1,2,,,,,,,,,,,,,
16,pm,2018-11-01 23:04,,,,,,3,1,2,4,3,2,4,coffee,1,coffee,2,,
16,pm,2018-11-02 22:17,,,,,,3,2,2,2,2,3,4,coffee,1,coffee,1,,
16,pm,2018-11-07 22:32,,,,,,2,2,2,2,2,2,4,,,,,,
16,pm,2018-11-08 22:20,,,,,,3,1,1,1,2,3,4,,,,,,
16,pm,2018-11-09 18:58,,,,,,3,1,2,2,2,2,,,,,,,
16,pm,2018-11-12 21:28,,,,,,2,1,,2,2,2,2,,,,,,
28,am,2018-11-15 7:53,3,0,2,2,3,,,,,,,,,,,,,
28,am,2018-11-16 7:36,3,5,4,2,2,,,,,,,,,,,,,
28,am,2018-11-17 7:25,1,1,4,2,2,,,,,,,,,,,,,
28,am,2018-11-18 8:52,4,0,4,3,3,,,,,,,,,,,,,
28,am,2018-11-19 6:54,4,0,4,4,4,,,,,,,,,,,,,
28,am,2018-11-20 8:16,4,0,4,3,3,,,,,,,,,,,,,
28,am,2018-11-21 9:03,4,5,4,5,3,,,,,,,,,,,,,
28,am,2018-11-22 7:43,2,5,4,3,3,,,,,,,,,,,,,
28,am,2018-11-23 13:29,1,5,4,2,3,,,,,,,,,,,,,
28,am,2018-11-24 10:11,4,5,4,4,4,,,,,,,,,,,,,
28,am,2018-11-25 17:34,4,0,4,4,4,,,,,,,,,,,,,
28,am,2018-11-26 23:13,4,0,4,4,4,,,,,,,,,,,,,
28,am,2018-11-27 19:27,4,0,2,4,4,,,,,,,,,,,,,
28,am,2018-11-28 9:15,4,2,4,3,3,,,,,,,,,,,,,
28,pm,2018-11-15 23:59,,,,,,4,2,2,4,3,3,3,,,,,,
28,pm,2018-11-17 21:27,,,,,,4,2,1,2,1,2,,caffeinated drink,1,,,,
28,pm,2018-11-18 22:55,,,,,,4,4,1,2,3,3,,coffee,1,,,,
28,pm,2018-11-19 22:59,,,,,,4,4,2,2,3,3,1,,,,,,
28,pm,2018-11-20 23:29,,,,,,3,2,2,4,2,4,3,,,,,,
28,pm,2018-11-21 23:01,,,,,,5,5,2,2,3,3,,,,,,,
28,pm,2018-11-22 21:13,,,,,,3,2,2,4,3,2,4,,,,,,
28,pm,2018-11-23 21:38,,,,,,5,5,2,4,1,2,2,,,,,,
28,pm,2018-11-24 21:17,,,,,,4,3,2,4,2,2,,,,,,,
28,pm,2018-11-26 23:13,,,,,,3,3,2,1,2,2,4,,,,,,
28,pm,2018-11-27 22:26,,,,,,4,2,2,2,2,2,2,,,,,,
28,pm,2018-11-28 20:26,,,,,,4,1,2,4,2,2,,,,coffee,1,,
8,am,2018-11-01 7:41,2,2,4,2,2,,,,,,,,,,,,,
8,am,2018-11-02 8:08,1,1,4,2,3,,,,,,,,,,,,,
8,am,2018-11-03 10:46,2,2,4,2,4,,,,,,,,,,,,,
8,am,2018-11-04 9:02,1,0,4,3,3,,,,,,,,,,,,,
8,am,2018-11-05 7:42,2,6,4,2,3,,,,,,,,,,,,,
8,am,2018-11-06 8:11,3,6,4,2,3,,,,,,,,,,,,,
8,am,2018-11-07 21:39,2,0,4,2,3,,,,,,,,,,,,,
8,am,2018-11-08 8:05,2,0,3,2,3,,,,,,,,,,,,,
8,am,2018-11-09 7:36,1,2,4,2,3,,,,,,,,,,,,,
8,am,2018-11-10 10:39,1,2,4,2,3,,,,,,,,,,,,,
8,am,2018-11-11 9:37,1,1,4,2,3,,,,,,,,,,,,,
8,am,2018-11-12 21:51,3,2,3,3,3,,,,,,,,,,,,,
8,pm,2018-10-31 19:54,,,,,,4,2,2,4,2,3,4,,,coke,1,,
8,pm,2018-11-01 20:27,,,,,,3,3,2,4,3,3,4,,,,,,
8,pm,2018-11-02 23:41,,,,,,5,3,2,3,2,3,3,coffee,1,,,wine,1
8,pm,2018-11-04 0:31,,,,,,4,4,1,3,3,3,3,,,coffee,2,,
8,pm,2018-11-05 20:48,,,,,,4,2,2,3,3,3,4,coffee,2,,,beer,1
8,pm,2018-11-06 21:07,,,,,,3,2,2,2,3,2,4,,,coffee,1,,
8,pm,2018-11-07 21:39,,,,,,3,3,2,2,3,3,4,coffee,1,,,,
8,pm,2018-11-08 20:27,,,,,,1,1,1,4,2,2,4,,,,,,
8,pm,2018-11-09 21:33,,,,,,4,3,2,4,2,2,4,coffee,1,coffee,1,,
8,pm,2018-11-10 22:37,,,,,,4,4,2,2,2,3,4,coffee,1,,,,
8,pm,2018-11-11 21:12,,,,,,4,3,2,2,3,3,4,,,coffee,2,,
8,pm,2018-11-12 21:51,,,,,,3,1,2,4,1,2,4,coffee,1,,,,
8,pm,2018-11-13 21:38,,,,,,3,1,2,4,1,2,4,coffee,1,,,,
19,am,2018-11-15 8:48,4,0,3,4,4,,,,,,,,,,,,,
19,am,2018-11-16 7:17,2,1,2,1,2,,,,,,,,,,,,,
19,am,2018-11-17 8:33,3,2,2,4,4,,,,,,,,,,,,,
19,am,2018-11-18 10:13,3,0,1,3,4,,,,,,,,,,,,,
19,am,2018-11-19 8:55,3,5,2,2,2,,,,,,,,,,,,,
19,am,2018-11-20 8:13,3,0,2,2,3,,,,,,,,,,,,,
19,am,2018-11-21 8:21,3,5,2,2,3,,,,,,,,,,,,,
19,am,2018-11-22 7:49,3,0,2,2,3,,,,,,,,,,,,,
19,am,2018-11-23 11:11,2,0,2,2,2,,,,,,,,,,,,,
19,am,2018-11-25 8:58,1,3,2,3,3,,,,,,,,,,,,,
19,am,2018-11-27 7:56,3,5,2,2,3,,,,,,,,,,,,,
19,am,2018-11-28 8:37,4,5,1,4,1,,,,,,,,,,,,,
19,pm,2018-11-17 0:12,,,,,,4,2,2,4,3,3,4,,,,,,
19,pm,2018-11-19 0:40,,,,,,4,4,2,4,2,2,,,,,,,
19,pm,2018-11-20 21:25,,,,,,3,2,2,4,3,3,,,,,,,
19,pm,2018-11-22 2:07,,,,,,3,2,2,3,3,,,,,,,,
19,pm,2018-11-23 21:43,,,,,,3,2,2,3,3,3,,,,,,,
19,pm,2018-11-24 23:42,,,,,,3,2,2,4,3,3,3,,,,,soju,1
19,pm,2018-11-26 22:16,,,,,,3,1,2,3,3,3,,,,,,,
19,pm,2018-11-27 20:14,,,,,,3,2,2,2,2,2,,,,,,,
9,am,2018-11-01 8:34,2,3,4,2,2,,,,,,,,,,,,,
9,am,2018-11-02 8:11,2,9,4,2,2,,,,,,,,,,,,,
9,am,2018-11-03 7:48,3,4,4,2,3,,,,,,,,,,,,,
9,am,2018-11-04 7:51,2,4,4,2,3,,,,,,,,,,,,,
9,am,2018-11-05 8:27,4,3,4,3,3,,,,,,,,,,,,,
9,am,2018-11-06 7:32,3,0,4,3,3,,,,,,,,,,,,,
9,am,2018-11-07 8:00,3,0,4,2,3,,,,,,,,,,,,,
9,am,2018-11-08 8:19,3,3,4,3,3,,,,,,,,,,,,,
9,am,2018-11-09 8:59,3,0,4,3,3,,,,,,,,,,,,,
9,am,2018-11-10 9:10,3,0,4,2,3,,,,,,,,,,,,,
9,am,2018-11-11 9:36,4,4,4,3,3,,,,,,,,,,,,,
9,am,2018-11-12 7:39,3,0,2,3,3,,,,,,,,,,,,,
9,am,2018-11-13 8:17,2,0,4,2,3,,,,,,,,,,,,,
9,pm,2018-11-01 21:02,,,,,,3,4,1,2,3,3,4,coffee,2,tea,1,beer,2
9,pm,2018-11-02 20:30,,,,,,3,4,2,2,3,3,4,coffee,2,coffee,1,,
9,pm,2018-11-03 21:22,,,,,,4,4,2,1,2,3,3,coffee,1,,,beer,3
9,pm,2018-11-04 22:07,,,,,,2,4,2,3,3,3,,coffee,1,,,,
9,pm,2018-11-05 21:42,,,,,,3,1,1,2,3,4,2,coffee,1,coffee,2,,
9,pm,2018-11-06 20:59,,,,,,3,2,2,2,2,2,,coffee,2,coffee,2,,
9,pm,2018-11-07 22:09,,,,,,4,4,2,3,3,3,,coffee,1,coffee,2,,
9,pm,2018-11-08 21:23,,,,,,4,4,2,3,3,3,,coffee,2,coffee,2,,
9,pm,2018-11-09 23:28,,,,,,4,4,2,3,3,3,,coffee,1,coffee,2,beer,2
9,pm,2018-11-10 22:07,,,,,,4,4,2,3,3,3,,,,coffee,2,beer,3
9,pm,2018-11-11 23:28,,,,,,4,4,2,3,3,3,,coffee,2,,,,
9,pm,2018-11-12 22:15,,,,,,3,3,2,3,3,3,3,coffee,1,coffee,2,beer,1
9,pm,2018-11-13 20:15,,,,,,3,2,2,3,3,3,,coffee,1,coffee,2,,
26,am,2018-11-15 10:26,2,5,4,1,1,,,,,,,,,,,,,
26,am,2018-11-16 5:24,1,9,4,3,3,,,,,,,,,,,,,
26,am,2018-11-17 11:04,2,3,4,2,2,,,,,,,,,,,,,
26,am,2018-11-18 6:30,1,0,4,3,2,,,,,,,,,,,,,
26,am,2018-11-19 12:04,4,0,2,4,4,,,,,,,,,,,,,
26,am,2018-11-20 10:10,5,0,4,5,4,,,,,,,,,,,,,
26,am,2018-11-21 9:16,4,9,4,4,4,,,,,,,,,,,,,
26,am,2018-11-22 11:44,5,0,1,3,4,,,,,,,,,,,,,
26,am,2018-11-24 9:39,4,0,4,1,3,,,,,,,,,,,,,
26,am,2018-11-25 8:45,2,6,4,2,2,,,,,,,,,,,,,
26,am,2018-11-26 9:50,2,2,4,2,2,,,,,,,,,,,,,
26,am,2018-11-27 10:27,3,5,4,3,3,,,,,,,,,,,,,
26,am,2018-11-28 9:47,4,0,4,4,4,,,,,,,,,,,,,
26,pm,2018-11-15 22:17,,,,,,2,3,2,1,2,3,3,,,,,soju,3
26,pm,2018-11-16 20:19,,,,,,3,2,1,4,3,3,2,,,,,soju,2
26,pm,2018-11-17 23:00,,,,,,3,2,2,2,2,3,4,,,,,,
26,pm,2018-11-18 19:51,,,,,,4,4,2,4,2,3,,,,,,,
26,pm,2018-11-19 22:11,,,,,,4,3,2,4,3,3,2,,,,,,
26,pm,2018-11-20 22:33,,,,,,4,3,2,2,3,2,4,,,,,,
26,pm,2018-11-21 22:03,,,,,,2,2,2,2,3,2,,,,,,,
26,pm,2018-11-22 22:44,,,,,,4,4,2,4,4,3,3,,,,,,
26,pm,2018-11-24 1:23,,,,,,3,3,2,3,2,2,3,,,,,,
26,pm,2018-11-25 21:37,,,,,,4,4,2,4,2,3,4,,,,,soju,2
26,pm,2018-11-26 22:44,,,,,,4,2,2,4,2,2,2,,,,,,
26,pm,2018-11-28 21:48,,,,,,4,3,2,3,3,2,3,,,,,,
